5.578001141547673484e-321,5.000000000000000000e-01,6.015625000000000000e-01,7.031250000000000000e-01,8.046875000000000000e-01,9.062500000000000000e-01,1.007812500000000000e+00,1.109375000000000000e+00,1.210937500000000000e+00,1.312500000000000000e+00,1.414062500000000000e+00,1.515625000000000000e+00,1.617187500000000000e+00,1.718750000000000000e+00,1.820312500000000000e+00,1.921875000000000000e+00,2.023437500000000000e+00,2.125000000000000000e+00,2.226562500000000000e+00,2.328125000000000000e+00,2.429687500000000000e+00,2.531250000000000000e+00,2.632812500000000000e+00,2.734375000000000000e+00,2.835937500000000000e+00,2.937500000000000000e+00,3.039062500000000000e+00,3.140625000000000000e+00,3.242187500000000000e+00,3.343750000000000000e+00,3.445312500000000000e+00,3.546875000000000000e+00,3.648437500000000000e+00,3.750000000000000000e+00,3.851562500000000000e+00,3.953125000000000000e+00,4.054687500000000000e+00,4.156250000000000000e+00,4.257812500000000000e+00,4.359375000000000000e+00,4.460937500000000000e+00,4.562500000000000000e+00,4.664062500000000000e+00,4.765625000000000000e+00,4.867187500000000000e+00,4.968750000000000000e+00,5.070312500000000000e+00,5.171875000000000000e+00,5.273437500000000000e+00,5.375000000000000000e+00,5.476562500000000000e+00,5.578125000000000000e+00,5.679687500000000000e+00,5.781250000000000000e+00,5.882812500000000000e+00,5.984375000000000000e+00,6.085937500000000000e+00,6.187500000000000000e+00,6.289062500000000000e+00,6.390625000000000000e+00,6.492187500000000000e+00,6.593750000000000000e+00,6.695312500000000000e+00,6.796875000000000000e+00,6.898437500000000000e+00,7.000000000000000000e+00
0.000000000000000000e+00,0.000000000000000000e+00,0.000000000000000000e+00,0.000000000000000000e+00,0.000000000000000000e+00,0.000000000000000000e+00,0.000000000000000000e+00,0.000000000000000000e+00,0.000000000000000000e+00,0.000000000000000000e+00,0.000000000000000000e+00,0.000000000000000000e+00,0.000000000000000000e+00,0.000000000000000000e+00,0.000000000000000000e+00,0.000000000000000000e+00,0.000000000000000000e+00,0.000000000000000000e+00,0.000000000000000000e+00,0.000000000000000000e+00,0.000000000000000000e+00,0.000000000000000000e+00,0.000000000000000000e+00,0.000000000000000000e+00,0.000000000000000000e+00,0.000000000000000000e+00,0.000000000000000000e+00,0.000000000000000000e+00,0.000000000000000000e+00,0.000000000000000000e+00,0.000000000000000000e+00,0.000000000000000000e+00,0.000000000000000000e+00,0.000000000000000000e+00,0.000000000000000000e+00,0.000000000000000000e+00,0.000000000000000000e+00,0.000000000000000000e+00,0.000000000000000000e+00,0.000000000000000000e+00,0.000000000000000000e+00,0.000000000000000000e+00,0.000000000000000000e+00,0.000000000000000000e+00,0.000000000000000000e+00,0.000000000000000000e+00,0.000000000000000000e+00,0.000000000000000000e+00,0.000000000000000000e+00,0.000000000000000000e+00,0.000000000000000000e+00,0.000000000000000000e+00,0.000000000000000000e+00,0.000000000000000000e+00,0.000000000000000000e+00,0.000000000000000000e+00,0.000000000000000000e+00,0.000000000000000000e+00,0.000000000000000000e+00,0.000000000000000000e+00,0.000000000000000000e+00,0.000000000000000000e+00,0.000000000000000000e+00,0.000000000000000000e+00,0.000000000000000000e+00,0.000000000000000000e+00
3.333333333333333547e-03,2.694859969730521113e-03,3.888277790604955080e-03,5.291855987886576185e-03,6.900730826137636484e-03,8.709395717210193996e-03,1.071174736023913950e-02,1.290113543343978340e-02,1.527041587229060679e-02,1.781200632384904309e-02,2.051794302009750035e-02,2.337993987306814445e-02,2.638944507172873155e-02,2.953770043775787862e-02,3.281579715779258527e-02,3.621473121591232969e-02,3.972545569193115800e-02,4.333893104184079886e-02,4.704617215741554309e-02,5.083829183718571038e-02,5.470654114980993965e-02,5.864234553431652702e-02,6.263733751412921269e-02,6.668338579853444470e-02,7.077261994517737576e-02,7.489745130922582927e-02,7.905059021065852232e-02,8.322506242863822457e-02,8.741421728539545966e-02,9.161173665397205623e-02,9.581163955381118147e-02,1.000082847817690551e-01,1.041963703486434023e-01,1.083709310029174755e-01,1.125273363659562015e-01,1.166612801359408341e-01,1.207687767352716990e-01,1.248461536523737120e-01,1.288900367965160887e-01,1.328973453563957186e-01,1.368652762966278691e-01,1.407912968612516358e-01,1.446731271494602067e-01,1.485087345083014598e-01,1.522963156951437358e-01,1.560342858164232294e-01,1.597212674540281208e-01,1.633560787016201665e-01,1.669377134674616125e-01,1.704653455719754573e-01,1.739383032078261060e-01,1.773560621912821378e-01,1.807182346249822102e-01,1.840245673400540960e-01,1.872749125910341261e-01,1.904692391678920460e-01,1.936076189787970248e-01,1.966902036652494468e-01,1.997172402198401642e-01,2.026890283416818705e-01,2.056059717350976479e-01,2.084685060999008910e-01,2.112771332744334540e-01,2.140324033896794098e-01,2.167349170887432619e-01,2.193852971456892176e-01
6.666666666666667095e-03,5.389777801935612643e-03,7.776637769098362560e-03,1.058382182031467403e-02,1.380160185074718465e-02,1.741896410214566898e-02,2.142370112504578261e-02,2.580251157456933675e-02,3.054110636946311824e-02,3.562431966585379028e-02,4.103622319575313954e-02,4.676024237310178605e-02,5.277927284562895782e-02,5.907579582731453671e-02,6.563199177173954790e-02,7.242984960392033489e-02,7.945127267863526244e-02,8.667817799947936941e-02,9.409259161734884191e-02,1.016767345375951953e-01,1.094131035713670902e-01,1.172845441255475490e-01,1.252743154375669798e-01,1.333661474396179991e-01,1.415442938752455859e-01,1.497935665045355413e-01,1.580993824410182047e-01,1.664477818825282063e-01,1.748254578489643885e-01,1.832197630985481496e-01,1.916187280638574908e-01,2.000110622382220149e-01,2.083861530538760332e-01,2.167340627924374263e-01,2.250455199233261372e-01,2.333119069653146471e-01,2.415252471756465513e-01,2.496781845049389770e-01,2.577639683722511843e-01,2.657764294353151535e-01,2.737099589504266017e-01,2.815594847632421627e-01,2.893204446703303012e-01,2.969887754902622024e-01,3.045608479627257559e-01,3.120335343821789564e-01,3.194040369980102323e-01,3.266700051391732695e-01,3.338294354744081871e-01,3.408806685755057519e-01,3.478223614602952152e-01,3.546534721406759960e-01,3.613732291476257075e-01,3.679811213134236980e-01,3.744768691886330991e-01,3.808604113811809855e-01,3.871318849560597686e-01,3.932916172694098100e-01,3.993400782811124539e-01,4.052779174452543764e-01,4.111059055078586377e-01,4.168249413334386699e-01,4.224360350119517049e-01,4.279402946121595996e-01,4.333389008725464508e-01,4.386331462756308808e-01
1.000000000000000021e-02,8.084811363730718195e-03,1.166516217932062408e-02,1.587600734929638796e-02,2.070275328465303807e-02,2.612887774410393993e-02,3.213606771020120767e-02,3.870436914230794556e-02,4.581234611497815579e-02,5.343724725022411942e-02,6.155517708489289391e-02,7.014127020652946576e-02,7.916986589355817783e-02,8.861468127081159607e-02,9.844898067360266514e-02,1.086457420998594298e-01,1.191778115810442767e-01,1.300180566646105262e-01,1.411395056434907869e-01,1.525154786051999833e-01,1.641197085706204151e-01,1.759264492240580902e-01,1.879105739237194872e-01,2.000476618484531566e-01,2.123140727438959374e-01,2.246870109292210260e-01,2.371445784718559380e-01,2.496658134936367013e-01,2.622307426778521799e-01,2.748203658164821706e-01,2.874167121306167028e-01,3.000028214402766236e-01,3.125627556406174179e-01,3.250815881992899503e-01,3.375453900516442451e-01,3.499412212874150607e-01,3.622570935888048682e-01,3.744819599736193272e-01,3.866056774132915486e-01,3.986189793927681357e-01,4.105134409516727478e-01,4.222814428312625656e-01,4.339161372638180025e-01,4.454114102408710529e-01,4.567618462761529607e-01,4.679626850155719220e-01,4.790097904520435046e-01,4.898996138504851938e-01,5.006291497836806714e-01,5.111959336709146484e-01,5.215979085515189961e-01,5.318335594825930324e-01,5.419017227250669810e-01,5.518016420391711474e-01,5.615329076415750409e-01,5.710954371552173781e-01,5.804894502371262810e-01,5.897154433388629435e-01,5.987741465972121757e-01,6.076665440148606434e-01,6.163938122313658008e-01,6.249572571993741166e-01,6.333585388915760062e-01,6.415991599911760046e-01,6.496811026711903914e-01,6.576061864693215631e-01
1.333333333333333419e-02,1.078001853302974419e-02,1.555393323776095051e-02,2.116852244299448002e-02,2.760432535721460412e-02,3.483930928457270454e-02,4.284905352738227480e-02,5.160694887303116790e-02,6.108440978576729075e-02,7.125109616634146825e-02,8.207514173878766028e-02,9.352338601068822810e-02,1.055616069493559156e-01,1.181547516278233650e-01,1.312671623347550498e-01,1.448627958463346022e-01,1.589054338448520065e-01,1.733588826362858493e-01,1.881871611163982994e-01,2.033546748186658426e-01,2.188263768661282693e-01,2.345679128581943662e-01,2.505457520188890119e-01,2.667273020817063078e-01,2.830810097641245915e-01,2.995764456506521678e-01,3.161843755980719983e-01,3.328768183884306953e-01,3.496270885475028511e-01,3.664098284266726346e-01,3.832010261185883615e-01,3.999780431308454509e-01,4.167195770144807576e-01,4.334056910362148463e-01,4.500177792417967004e-01,4.665385467834758382e-01,4.829519835700083474e-01,4.992433260243319126e-01,5.153990220540501932e-01,5.314066976596540925e-01,5.472550864701831719e-01,5.629340203401633769e-01,5.784343407281484772e-01,5.937478951720877030e-01,6.088674460034660951e-01,6.237866448087149296e-01,6.384999701556696161e-01,6.530026910892685610e-01,6.672908359139753109e-01,6.813610242093650626e-01,6.952106422857073920e-01,7.088376196407132346e-01,7.222404316085896392e-01,7.354180829213710080e-01,7.483700426840760311e-01,7.610962334118334116e-01,7.735969589651002787e-01,7.858729227464240630e-01,7.979251076720156322e-01,8.097548470191352488e-01,8.213637119194675540e-01,8.327536246291654676e-01,8.439265645801242721e-01,8.548848400676047898e-01,8.656308802790703139e-01,8.761673170478564421e-01
1.666666666666666644e-02,1.347545720065087063e-02,1.944303319119782339e-02,2.646147700241021153e-02,3.450645833589374017e-02,4.355043146221802830e-02,5.356286506887873722e-02,6.451049155725038786e-02,7.635757206496812666e-02,8.906616675806444672e-02,1.025964541846031836e-01,1.169069525192276832e-01,1.319548786999026335e-01,1.476964019330169187e-01,1.640869329519870912e-01,1.810813977249135787e-01,1.986345001316201786e-01,2.167009714085551542e-01,2.352358046594513197e-01,2.541944726161184942e-01,2.735331281701965933e-01,2.932087863449154841e-01,3.131794873391829936e-01,3.334044411136482533e-01,3.538441524803953575e-01,3.744605292775787242e-01,3.952169690842633476e-01,4.160784343007847830e-01,4.370115056169542878e-01,4.579844229310397474e-01,4.789671113100001931e-01,4.999311963087171851e-01,5.208500004356354518e-01,5.416985370993547821e-01,5.624534903339973857e-01,5.830931864223013461e-01,6.035975718305888194e-01,6.239481016827845838e-01,6.441278361986718659e-01,6.641212436736571023e-01,6.839142134675133544e-01,7.034940071773386761e-01,7.228491626036600559e-01,7.419694294851206795e-01,7.608457790545078980e-01,7.794702554955064144e-01,7.978359601397455592e-01,8.159369706548709189e-01,8.337683042211565532e-01,8.513258177282342354e-01,8.686062075291766105e-01,8.856068697093636422e-01,9.023260224042026767e-01,9.187623619794396124e-01,9.349152930186127586e-01,9.507847287829066518e-01,9.663711083366114396e-01,9.816753118079357687e-01,9.966986613122916783e-01,1.011442915616910465e+00,1.025909896614928041e+00,1.040102161594285146e+00,1.054022283801045345e+00,1.067673138299671365e+00,1.081057829096235601e+00,1.094179649638766794e+00
2.000000000000000042e-02,1.617118527839862124e-02,2.333254432746879881e-02,3.175498095552548722e-02,4.140929252172555197e-02,5.226241701346056451e-02,6.427770894361001242e-02,7.741523813866292569e-02,9.163210783609504473e-02,1.068827868203561654e-01,1.231194514133015228e-01,1.402923324442244268e-01,1.583500638727555199e-01,1.772400271702331553e-01,1.969086901442963777e-01,2.173019347917115873e-01,2.383653710575124041e-01,2.600446379583991052e-01,2.822856825689957772e-01,3.050350203233873070e-01,3.282399814156143347e-01,3.518489194014658428e-01,3.758114158050432363e-01,4.000784488672486927e-01,4.246025467981228152e-01,4.493379155377859591e-01,4.742405468905829258e-01,4.992683083817336942e-01,5.243809960341248022e-01,5.495404253746154488e-01,5.747103559065059875e-01,5.998567273929261701e-01,6.249473915372235622e-01,6.499522708923191061e-01,6.748433011326488984e-01,6.995944090287103956e-01,7.241814193213680362e-01,7.485820698178042853e-01,7.727758951742361715e-01,7.967442352125391203e-01,8.204700847665084007e-01,8.439381551324206532e-01,8.671346023050425789e-01,8.900471429642932142e-01,9.126648887231637586e-01,9.349782915209133849e-01,9.569790612976897259e-01,9.786600965233261951e-01,1.000015425564513949e+00,1.021040102590679455e+00,1.041730168711879623e+00,1.062082573448931644e+00,1.082095114594311180e+00,1.101766357177507372e+00,1.121095653434073025e+00,1.140082803460100935e+00,1.158728531056701483e+00,1.177034062921217261e+00,1.195000589187260820e+00,1.212630582581533334e+00,1.229926609891324629e+00,1.246891275821378819e+00,1.263528045027178637e+00,1.279840329193493220e+00,1.295831920354935773e+00,1.311506883954188130e+00
2.333333333333333440e-02,1.886726070189760282e-02,2.722254893815182278e-02,3.704914427713136560e-02,4.831296822356356824e-02,6.097543882234657958e-02,7.499379171926112697e-02,9.032142947300747515e-02,1.069082918539622507e-01,1.247012431865004434e-01,1.436444706261825466e-01,1.636798888376245209e-01,1.847475452391490747e-01,2.067860223236968331e-01,2.297328310614819569e-01,2.535247900919150310e-01,2.780984070289421739e-01,3.033901969768863505e-01,3.293370394819664648e-01,3.558764682259101808e-01,3.829469538774671888e-01,4.104881601206250008e-01,4.384411702109057285e-01,4.667486918782376981e-01,4.953552331583574442e-01,5.242072539001330078e-01,5.532532907391786159e-01,5.824440401567215764e-01,6.117325499674913791e-01,6.410740477906640145e-01,6.704262419171921339e-01,6.997490908205582505e-01,7.290050909088008346e-01,7.581590070408847915e-01,7.871779774335705415e-01,8.160314485943692686e-01,8.446911305289090954e-01,8.731309375006727214e-01,9.013269259012983703e-01,9.292572201397194531e-01,9.569019426797550354e-01,9.842431275304671656e-01,1.011264636693163688e+00,1.037952082042589375e+00,1.064292729235044144e+00,1.090275420400037554e+00,1.115890480522538253e+00,1.141129626728668578e+00,1.165985897639664204e+00,1.190453556299569948e+00,1.214528014926705257e+00,1.238205752745338506e+00,1.261484246104335849e+00,1.284361888603804180e+00,1.306837927194944404e+00,1.328912358094628487e+00,1.350585964563844943e+00,1.371860091906124346e+00,1.392736693631279055e+00,1.413218433318260026e+00,1.433308275063003512e+00,1.453009732440996515e+00,1.472326548252246958e+00,1.491262987670476159e+00,1.509823543038419036e+00,1.528013212069427418e+00
2.666666666666666838e-02,2.156374143614886441e-02,3.111312938462291316e-02,4.234407699847901607e-02,5.521762603915543466e-02,6.968966967458477269e-02,8.571132009096872617e-02,1.032293082663237882e-01,1.221863991620608242e-01,1.425218500961198120e-01,1.641718490264349184e-01,1.870699842997810280e-01,2.111477056185245560e-01,2.363347823842524564e-01,2.625597528522323754e-01,2.897503597247268470e-01,3.178339680900593156e-01,3.467379626160327355e-01,3.763901207308154584e-01,4.067189612993439285e-01,4.376540623022638909e-01,4.691263543826574844e-01,5.010683815561404186e-01,5.334145337392498520e-01,5.661012479099537531e-01,5.990671852482410964e-01,6.322533739670980202e-01,6.656033282187919786e-01,6.990631434007383849e-01,7.325815612457413639e-01,7.661100298007426090e-01,7.996026763616460586e-01,8.330164119333836048e-01,8.663108286340572839e-01,8.994482087973353357e-01,9.323934177165121850e-01,9.651142000619290506e-01,9.975803931880912190e-01,1.029764587344351501e+00,1.061641678206166839e+00,1.093188852223046403e+00,1.124385497172909254e+00,1.155213104828626713e+00,1.185655183542111413e+00,1.215697145648358068e+00,1.245326202278859817e+00,1.274531298482111996e+00,1.303302980478909134e+00,1.331633303744089947e+00,1.359515748817450964e+00,1.386945109663938469e+00,1.413917429817030280e+00,1.440429912458171202e+00,1.466480706066023654e+00,1.492069150414002676e+00,1.517195295251519749e+00,1.541860080773371333e+00,1.566065245688481378e+00,1.589813163868650792e+00,1.613106868656710047e+00,1.635949911344953156e+00,1.658346390197332321e+00,1.680300855750073818e+00,1.701818240459938236e+00,1.722903879997078169e+00,1.743563369112115735e+00
3.000000000000000236e-02,2.426068547805922473e-02,3.500436806657089561e-02,4.763988920867972404e-02,6.212340629161785394e-02,7.840528265149408760e-02,9.643050087675783533e-02,1.161391107334643485e-01,1.374667048008260117e-01,1.603449151518278326e-01,1.847019235849043928e-01,2.104629820122499995e-01,2.375509278321439044e-01,2.658867023283590925e-01,2.953898525619367832e-01,3.259790208764269392e-01,3.575724139435311200e-01,3.900882425015640420e-01,4.234451705037118874e-01,4.575626459427874493e-01,4.923613201761549152e-01,5.277633229330704889e-01,5.636926766976648739e-01,6.000753313130650080e-01,6.368396230902634292e-01,6.739163453375390800e-01,7.112389470547985093e-01,7.487437125958578132e-01,7.863697398569937658e-01,8.240591661290840308e-01,8.617571394660632489e-01,8.994118675307077870e-01,9.369746360434245691e-01,9.743997775760218083e-01,1.011644670408807123e+00,1.048669672925674146e+00,1.085438070039345781e+00,1.121916026831211388e+00,1.158072457483056095e+00,1.193878994084929923e+00,1.229309848695307350e+00,1.264341732111551986e+00,1.298953743541148009e+00,1.333127263486158620e+00,1.366845835314176139e+00,1.400095058536247272e+00,1.432862476734477086e+00,1.465137455011736645e+00,1.496911109095260928e+00,1.528176123017852328e+00,1.558926720945470912e+00,1.589158502952133789e+00,1.618868398275158382e+00,1.648054527150806692e+00,1.676716119630647928e+00,1.704853433711287058e+00,1.732467679453714160e+00,1.759561034009298419e+00,1.786135861912804268e+00,1.812196359300971560e+00,1.837746317796467244e+00,1.862790610473299635e+00,1.887334498192032806e+00,1.911383709384517404e+00,1.934944387571215119e+00,1.958023090208859784e+00
3.333333333333333287e-02,2.695815087372003052e-02,3.889634741572068483e-02,5.293669106829646670e-02,6.903044964688542784e-02,8.712245080324278190e-02,1.071515409985373257e-01,1.290510828554060074e-01,1.527494841173426265e-01,1.781707460833582002e-01,2.052350328413135028e-01,2.338592450401502099e-01,2.639575949307422786e-01,2.954421771322530144e-01,3.282235270651013836e-01,3.622111626081585545e-01,3.973141038950375181e-01,4.334413674065566990e-01,4.705024309097559643e-01,5.084076665229806391e-01,5.470687399620802749e-01,5.863989851922837282e-01,6.263136780862171848e-01,6.667304470416228757e-01,7.075693760069116101e-01,7.487533712667204799e-01,7.902081985410556175e-01,8.318628065054292087e-01,8.736492860964579776e-01,9.155030579412581915e-01,9.573629071252361955e-01,9.991710205723496330e-01,1.040872992396913999e+00,1.082417851138647524e+00,1.123757957087501147e+00,1.164849063166544463e+00,1.205650129388401215e+00,1.246123360201036867e+00,1.286234029451968297e+00,1.325950452914645306e+00,1.365243837350069711e+00,1.404088177785250302e+00,1.442460156909001867e+00,1.480339006138092772e+00,1.517706384485808968e+00,1.554546233064860727e+00,1.590844803017520404e+00,1.626590212309126260e+00,1.661772768601718964e+00,1.696383972103007398e+00,1.730417944492292248e+00,1.763869752880403263e+00,1.796736062987689397e+00,1.829014945836715755e+00,1.860705672803684152e+00,1.891808716522110689e+00,1.922325552127971404e+00,1.952258671553241287e+00,1.981611392861776233e+00,2.010387926024841843e+00,2.038592954045971073e+00,2.066232151597155120e+00,2.093311540013175875e+00,2.119837603140476201e+00,2.145817701720980075e+00,2.171258951288871586e+00
3.666666666666666685e-02,2.965619569781046197e-02,4.278914997511436280e-02,5.823459281617063277e-02,7.593889677985031506e-02,9.584134726754210687e-02,1.178746475092578710e-01,1.419654618866116880e-01,1.680350120991805363e-01,1.959996503911110854e-01,2.257715132956905346e-01,2.572591365814307918e-01,2.903680897934748373e-01,3.250016017885838382e-01,3.610611758322402887e-01,3.984471707799990270e-01,4.370593967829540794e-01,4.767976315973544432e-01,5.175621399984760007e-01,5.592541655171127113e-01,6.017763339012452972e-01,6.450330823832123306e-01,6.889310277292337581e-01,7.333792112269882368e-01,7.782895288494818820e-01,8.235768250581342320e-01,8.691592385714344005e-01,9.149581983316790179e-01,9.608987060629049504e-01,1.006909398690288171e+00,1.052922626482674762e+00,1.098874445290324076e+00,1.144704703117201960e+00,1.190356995253811334e+00,1.235778647696069488e+00,1.280920664188142322e+00,1.325737666053783625e+00,1.370187805574416107e+00,1.414232685437385229e+00,1.457837233995942228e+00,1.500969602597300501e+00,1.543601050320248858e+00,1.585705805803097279e+00,1.627260940562505143e+00,1.668246191775484277e+00,1.708643928893758490e+00,1.748438901844869386e+00,1.787618172259050509e+00,1.826170941361975775e+00,1.864088434493027080e+00,1.901363766804287092e+00,1.937991807435971880e+00,1.973969054974126891e+00,2.009293511084137229e+00,2.043964599524425996e+00,2.077983009756996680e+00,2.111350594044824724e+00,2.144070300152847608e+00,2.176146050339963889e+00,2.207582551225249823e+00,2.238385560153882903e+00,2.268561277150126010e+00,2.298116676282717652e+00,2.327059250188794781e+00,2.355397047599921301e+00,2.383138505364489568e+00
4.000000000000000083e-02,3.235487808446101121e-02,4.668285829826835515e-02,6.353370478151219858e-02,8.284888847096585907e-02,1.045621454602460587e-01,1.286000276056440406e-01,1.548824985825769385e-01,1.833235647369557408e-01,2.138319364705555115e-01,2.463117030801754426e-01,2.806630199596267250e-01,3.167827955253276762e-01,3.545653634808803023e-01,3.939031878928704322e-01,4.346874309221321342e-01,4.768086508565492765e-01,5.201573525243777807e-01,5.646245498725785961e-01,6.101022861200402492e-01,6.564841025868084490e-01,7.036654914832395358e-01,7.515443106835033582e-01,8.000209865085853300e-01,8.489990643220598487e-01,8.983853898914131442e-01,9.480902041301140226e-01,9.980274335611208913e-01,1.048114900034452290e+00,1.098274339306365643e+00,1.148431586713049901e+00,1.198516417687900848e+00,1.248462900196519954e+00,1.298209102160435391e+00,1.347697197601261943e+00,1.396873405881942531e+00,1.445687895263933598e+00,1.494094706868850375e+00,1.542051697185157222e+00,1.589520381336056776e+00,1.636465794955020536e+00,1.682856431953151377e+00,1.728663999989266564e+00,1.773863391689573632e+00,1.818432485327983628e+00,1.862351965273448151e+00,1.905605217778938210e+00,1.948178149531033299e+00,1.990059055290910761e+00,2.031238465376336233e+00,2.071708984691293054e+00,2.111465175635309777e+00,2.150503413055941060e+00,2.188821703522760398e+00,2.226419651942432854e+00,2.263298229929511685e+00,2.299459754001383693e+00,2.334907694341761264e+00,2.369646610608052040e+00,2.403682023876122731e+00,2.437020344648880954e+00,2.469668813804136054e+00,2.501635269698410102e+00,2.532928265683450419e+00,2.563556859654457121e+00,2.593530626154388674e+00
4.333333333333333481e-02,3.505425621878238002e-02,5.057755504183066714e-02,6.883413738933107096e-02,8.976056565652418273e-02,1.132850188237567168e-01,1.393278887576549219e-01,1.678024245729539954e-01,1.986154174883375811e-01,2.316679123746251123e-01,2.668559400834187301e-01,3.040712586567494990e-01,3.432020952923373613e-01,3.841338806086143087e-01,4.267499674491554429e-01,4.709323283064128507e-01,5.165622257684544527e-01,5.635208403388650700e-01,6.116898877900996956e-01,6.609521606376526082e-01,7.111920375408780082e-01,7.622960414801055462e-01,8.141530932083264060e-01,8.666550923086659974e-01,9.196970507242874238e-01,9.731776374569532928e-01,1.026999195160342326e+00,1.081068074365471254e+00,1.135294749905191969e+00,1.189593997704327499e+00,1.243884947308705913e+00,1.298091167106276478e+00,1.352140686317883977e+00,1.405965996705579979e+00,1.459504032830979181e+00,1.512696119684072915e+00,1.565487907161009717e+00,1.617829275304947245e+00,1.669674232567573524e+00,1.720980812390721981e+00,1.771710909838061676e+00,1.821830169052552906e+00,1.871307825193180729e+00,1.920116569134438400e+00,1.968232286635362982e+00,2.015634090757552066e+00,2.062303965218486024e+00,2.108226702157938171e+00,2.153389713907309488e+00,2.197782830547004629e+00,2.241398248654379532e+00,2.284230237151235965e+00,2.326275051980801756e+00,2.367530913606753717e+00,2.407997508831480449e+00,2.447676345473096760e+00,2.486570114735868753e+00,2.524682972263825764e+00,2.562020173710496618e+00,2.598588104900770190e+00,2.634394059932009480e+00,2.669446167786518220e+00,2.703753539329401434e+00,2.737325608407443323e+00,2.770172622901762693e+00,2.802305396769226409e+00
4.666666666666666879e-02,3.775438835059816839e-02,5.447332296180196209e-02,7.413600116975115062e-02,9.667406937254448274e-02,1.220101409830824657e-01,1.500584381702960990e-01,1.807254857371383139e-01,2.139108463455768327e-01,2.495078865210327290e-01,2.874045622496959607e-01,3.274842162876095975e-01,3.696263723171132054e-01,4.137075246244413251e-01,4.596019027033451665e-01,5.071822477818327402e-01,5.563204731832998018e-01,6.068884046422687861e-01,6.587583952311815150e-01,7.118039323243904315e-01,7.659001938430678447e-01,8.209245663058584164e-01,8.767570792478032171e-01,9.332808248307505883e-01,9.903824069736685276e-01,1.047952114918746069e+00,1.105884315918967298e+00,1.164077629695613014e+00,1.222435099832821281e+00,1.280864436010087148e+00,1.339277972245988879e+00,1.397592881182950997e+00,1.455731096501154287e+00,1.513619437972529846e+00,1.571189478521075822e+00,1.628377563286997676e+00,1.685124730032819595e+00,1.741376600480567527e+00,1.797083288563449566e+00,1.852199279452345415e+00,1.906683263677159568e+00,1.960498016089352369e+00,2.013610248368069566e+00,2.065990373261633817e+00,2.117612421939295775e+00,2.168453806336107625e+00,2.218495172427774609e+00,2.267720186598535914e+00,2.316115429942132042e+00,2.363670120783246897e+00,2.410376008209535570e+00,2.456227182630215999e+00,2.501219916610450511e+00,2.545352485851418489e+00,2.588625005034180582e+00,2.631039347457090116e+00,2.672598931355895324e+00,2.713308433797377184e+00,2.753174115417925449e+00,2.792203206561496565e+00,2.830404002344086845e+00,2.867785774838706114e+00,2.904358579001721896e+00,2.940133290483521566e+00,2.975121239885557323e+00,3.009334528857745994e+00
5.000000000000000278e-02,4.045533277170526576e-02,5.837024487437823123e-02,7.943940676520462596e-02,1.035895408131690260e-01,1.307376857285442173e-01,1.607918838938390549e-01,1.936519239794294578e-01,2.292101274252395238e-01,2.673521673406302757e-01,3.079579083591387212e-01,3.509022566344661698e-01,3.960560099709565796e-01,4.432866984305736668e-01,4.924594072374556819e-01,5.434375739360952640e-01,5.960837549712091343e-01,6.502603539047965286e-01,7.058303079867559449e-01,7.626577327356227620e-01,8.206085143352213063e-01,8.795508358941693805e-01,9.393557803437181386e-01,9.998975622455955614e-01,1.061054125439225171e+00,1.122707409398953082e+00,1.184743634920497390e+00,1.247053595843437002e+00,1.309532795468941968e+00,1.372081706243915233e+00,1.434605785303169734e+00,1.497015665868858703e+00,1.559227117656855954e+00,1.621161111606849392e+00,1.682743711346504467e+00,1.743906384436955337e+00,1.804585251055225381e+00,1.864721656829636087e+00,1.924261750524453696e+00,1.983156391668476459e+00,2.041361024044600292e+00,2.098835516091382303e+00,2.155543986043067406e+00,2.211454603447629008e+00,2.266539474439697166e+00,2.320774372437968580e+00,2.374138592905103540e+00,2.426614749750947375e+00,2.478188555162150308e+00,2.528848685620105563e+00,2.578586540831215856e+00,2.627396093457080806e+00,2.675273616249288278e+00,2.722217674866588943e+00,2.768228754459289842e+00,2.813309355029938175e+00,2.857463453289192934e+00,2.900696746284845862e+00,2.943016233719677022e+00,2.984430237668981079e+00,3.024948179455305475e+00,3.064580494772946473e+00,3.103338548964923671e+00,3.141234373847912043e+00,3.178280720820776395e+00,3.214491218449403664e+00
5.333333333333333676e-02,4.315714787487405502e-02,6.226840369985733870e-02,8.474446496582135890e-02,1.105071213104475564e-01,1.394678270347742277e-01,1.715284337420195371e-01,2.065819816544158249e-01,2.445135370916034501e-01,2.852010636522866460e-01,3.285163164475147224e-01,3.743257436844221187e-01,4.224913916778753609e-01,4.728717969428831158e-01,5.253228597128143385e-01,5.796986908768251290e-01,6.358524250541034428e-01,6.936369951510340526e-01,7.529058601815363794e-01,8.135136941358444007e-01,8.753170118183873916e-01,9.381747696687008364e-01,1.001948836037213519e+00,1.066504581087260428e+00,1.131711181582071735e+00,1.197442068796638948e+00,1.263575221655866443e+00,1.329993445897244664e+00,1.396584606958473973e+00,1.463241796430323260e+00,1.529863487228106278e+00,1.596353617304167249e+00,1.662621656682442328e+00,1.728582622415972159e+00,1.794157083347339476e+00,1.859271121850228026e+00,1.923856221876699468e+00,1.987849263581306314e+00,2.051192316866298437e+00,2.113832565198597191e+00,2.175722142647066537e+00,2.236817958631116543e+00,2.297081514722223883e+00,2.356478745072112524e+00,2.414979790124028636e+00,2.472558809937120294e+00,2.529193761974586785e+00,2.584866215008882584e+00,2.639561151823694551e+00,2.693266688385045793e+00,2.745973934726591903e+00,2.797676784370233705e+00,2.848371814156767101e+00,2.898057738813761830e+00,2.946735619767568259e+00,2.994408551318826994e+00,3.041081594015848211e+00,3.086760777049106785e+00,3.131454776767738313e+00,3.175172683836964271e+00,3.217925343742279232e+00,3.259724397260273410e+00,3.300582604974230172e+00,3.340513485377841540e+00,3.379531312469601811e+00,3.417650983210480220e+00
5.666666666666667074e-02,4.585989210521494719e-02,6.616788246152455200e-02,9.005128663321476656e-02,1.174269523700396528e-01,1.482007390633246768e-01,1.822682958612730497e-01,2.195159013896132161e-01,2.598213519725608434e-01,3.030548850423375740e-01,3.490801253743329169e-01,3.977550414844908122e-01,4.489329010200568959e-01,5.024632151185819406e-01,5.581926620381538751e-01,6.159659822933645223e-01,6.756268379230253585e-01,7.370186338997954945e-01,7.999852838880114891e-01,8.643719434178284144e-01,9.300256766170394984e-01,9.967960719855193386e-01,1.064535808010586893e+00,1.133101182430103382e+00,1.202352518438949858e+00,1.272154627541585814e+00,1.342377097338723013e+00,1.412894637815313770e+00,1.483587300650450302e+00,1.554340693550376740e+00,1.625046129191527022e+00,1.695600737817894554e+00,1.765907540378635066e+00,1.835875485683857944e+00,1.905419449155087541e+00,1.974460190526919678e+00,2.042924296893259051e+00,2.110744092323124654e+00,2.177857534840262232e+00,2.244208044194919260e+00,2.309744382578347910e+00,2.374420442649110008e+00,2.438195124586021834e+00,2.501032062628686159e+00,2.562899458431904254e+00,2.623769861233988365e+00,2.683619941709463053e+00,2.742430265121904132e+00,2.800185070319256120e+00,2.856872052581520993e+00,2.912482129991764257e+00,2.967009212926578599e+00,3.020450024534734990e+00,3.072803840182441792e+00,3.124072322097160015e+00,3.174259305566449640e+00,3.223370601085007170e+00,3.271413883393238908e+00,3.318398348503366346e+00,3.364334721959084007e+00,3.409235054544892840e+00,3.453112521408082003e+00,3.495981340948982385e+00,3.537856629449460666e+00,3.578754168317671791e+00,3.618690594333097810e+00
6.000000000000000472e-02,4.856362399187803131e-02,7.006876429158440112e-02,9.535998284500560307e-02,1.243491756687147842e-01,1.569365961851572622e-01,1.930116786216245217e-01,2.324539260484884129e-01,2.751338489019458100e-01,3.209139402564941679e-01,3.696496741853028123e-01,4.211905144684465752e-01,4.753809216570111240e-01,5.320613479189673090e-01,5.910692098862703192e-01,6.522398325149302289e-01,7.154073484356880952e-01,7.804055743717218663e-01,8.470688086716503529e-01,9.152326091919087414e-01,9.847344913579925141e-01,1.055414601725948476e+00,1.127116286338416762e+00,1.199686663196984693e+00,1.272977066819591663e+00,1.346843599051613438e+00,1.421147279003330377e+00,1.495754601598603850e+00,1.570537599542317864e+00,1.645374306617740645e+00,1.720148706377397252e+00,1.794750971560238995e+00,1.869077537125837907e+00,1.943031153349293660e+00,2.016520800902920740e+00,2.089461893688729699e+00,2.161775949252264795e+00,2.233390670661323796e+00,2.304239767181430754e+00,2.374262856245124897e+00,2.443405260785184385e+00,2.511617841093411574e+00,2.578856823723124858e+00,2.645083547483650044e+00,2.710264296768298387e+00,2.774370012350634962e+00,2.837376114437042851e+00,2.899262269050446150e+00,2.960011896970753398e+00,3.019612495144441855e+00,3.078054798176180107e+00,3.135332838647439946e+00,3.191443698932673989e+00,3.246387210151799430e+00,3.300165856960656896e+00,3.352784138168122485e+00,3.404249198606883908e+00,3.454569738952475433e+00,3.503756416368247972e+00,3.551821288512961861e+00,3.598777912162480774e+00,3.644641081553049222e+00,3.689426629288270476e+00,3.733151427897118957e+00,3.775832902799643787e+00,3.817489544792218581e+00
6.333333333333333870e-02,5.126840214775055943e-02,7.397113244419133149e-02,1.006706647838417207e-01,1.312739330708361241e-01,1.656755729896007001e-01,2.037587906731597454e-01,2.453962987684811248e-01,2.904513050932661100e-01,3.387785393862114969e-01,3.902253020928314609e-01,4.446325407487202730e-01,5.018358373909587167e-01,5.616665902649427000e-01,6.239528987968021578e-01,6.885206209857701598e-01,7.551943059450514362e-01,8.237981199805334276e-01,8.941566653643493456e-01,9.660958123565226430e-01,1.039443445887567652e+00,1.114030147820672889e+00,1.189689820195494407e+00,1.266260292673107468e+00,1.343583805559553701e+00,1.421507473112648690e+00,1.499883753789679197e+00,1.578570658390989312e+00,1.657432188026121134e+00,1.736338508346011444e+00,1.815166130435590164e+00,1.893798199190864118e+00,1.972124317809411886e+00,2.050040890889969880e+00,2.127451034686163922e+00,2.204264404361199858e+00,2.280397521000736116e+00,2.355773250036637290e+00,2.430321185816478380e+00,2.503976871600212650e+00,2.576682098776826635e+00,2.648384763686066901e+00,2.719038357416945217e+00,2.788601930307252452e+00,2.857039832444015826e+00,2.924321456656351792e+00,2.990420989023469645e+00,3.055317163099400712e+00,3.118992992162095579e+00,3.181435492588387870e+00,3.242635468018929767e+00,3.302587196563381511e+00,3.361288210205379379e+00,3.418739047082060001e+00,3.474943128907693080e+00,3.529905821961115464e+00,3.583635666028034183e+00,3.636142696177524947e+00,3.687438919756579558e+00,3.737538159204434773e+00,3.786455510175677386e+00,3.834207539469110859e+00,3.880812169284472368e+00,3.926287230217626600e+00,3.970653033563511070e+00,4.013929407103367097e+00
6.666666666666666574e-02,5.397428527442545143e-02,7.787507011167664472e-02,1.059834438169470483e-01,1.382013666203689428e-01,1.744178441181140626e-01,2.145098408824450131e-01,2.583432633101018783e-01,3.057739980296204085e-01,3.566489930984428902e-01,4.108073486106610939e-01,4.680814447304203485e-01,5.282980321648004240e-01,5.912793370895913503e-01,6.568441241702496214e-01,7.248087347449120310e-01,7.949880471677420735e-01,8.671965739729279310e-01,9.412490742495914775e-01,1.016961673821869416e+00,1.094152515627310196e+00,1.172642473187976542e+00,1.252255977978573132e+00,1.332821339486416790e+00,1.414171575179020479e+00,1.496144761894822484e+00,1.578584483774291281e+00,1.661340229519216338e+00,1.744267708023051311e+00,1.827229118166638910e+00,1.910093360636285764e+00,1.992736216257650517e+00,2.075040470182791363e+00,2.156895976248019764e+00,2.238199706297571367e+00,2.318855729851669434e+00,2.398775187738200643e+00,2.477876196782148543e+00,2.556083752831204592e+00,2.633329574573957110e+00,2.709551958583475972e+00,2.784695558612709121e+00,2.858711200134363750e+00,2.931555637180754292e+00,3.003191307750685990e+00,3.073586080476106819e+00,3.142712960218255525e+00,3.210549918015163762e+00,3.277079415794449169e+00,3.342288300949878277e+00,3.406167380721390803e+00,3.468711661166342886e+00,3.529918896566968556e+00,3.589790593647490979e+00,3.648331007963852901e+00,3.705547365083727396e+00,3.761448930074343444e+00,3.816047487379840675e+00,3.869356728142340440e+00,3.921392003530014048e+00,3.972170637421855943e+00,4.021710650311147717e+00,4.070032232617093015e+00,4.117155564388542466e+00,4.163102363952846829e+00,4.207894878733554833e+00
7.000000000000000666e-02,5.668133216758683424e-02,8.178066131423071539e-02,1.112984314106775091e-01,1.451316186229407168e-01,1.831635851727624886e-01,2.252650384233890191e-01,2.712950623606955602e-01,3.211022053259044995e-01,3.745256078185735804e-01,4.313961535534124314e-01,4.915376301027226669e-01,5.547678900529627866e-01,6.208999833317547790e-01,6.897432813786035233e-01,7.611045497953133898e-01,8.347889920887698878e-01,9.106012341260940612e-01,9.883462623309291484e-01,1.067830308450787857e+00,1.148861619575612947e+00,1.231251435482742629e+00,1.314814293490675912e+00,1.399369054787591882e+00,1.484739297478234743e+00,1.570753881657988904e+00,1.657247403437268174e+00,1.744060614887641414e+00,1.831040765865698194e+00,1.918041905922180934e+00,2.004925128912300014e+00,2.091558750285689161e+00,2.177818485455776276e+00,2.263587510000966141e+00,2.348756519927156283e+00,2.433223764059708305e+00,2.516894962152058657e+00,2.599683289260387387e+00,2.681509229414076323e+00,2.762300451565572246e+00,2.841991645624830198e+00,2.920524301552109847e+00,2.997846539618676420e+00,3.073912800812825363e+00,3.148683649136749363e+00,3.222125468331538123e+00,3.294210225615999299e+00,3.364915058494248434e+00,3.434222010185318918e+00,3.502118007629511531e+00,3.568594115419031265e+00,3.633645526802984804e+00,3.697271078459266391e+00,3.759473204102291799e+00,3.820257436177036059e+00,3.879632136697585221e+00,3.937608404175626742e+00,3.994199619864902573e+00,4.049421292465249955e+00,4.103290854655806896e+00,4.155827366453546112e+00,4.207051315585942142e+00,4.256984530669877032e+00,4.305650164553557424e+00,4.353071098240238967e+00,4.399272662123233424e+00
7.333333333333333370e-02,5.938960172028183437e-02,8.568798915972082597e-02,1.166157393507045448e-01,1.520648315285015595e-01,1.919129709418163632e-01,2.360245927550352063e-01,2.842519410111437050e-01,3.364362053710215350e-01,3.924086984381720544e-01,4.519920570337108701e-01,5.150014524420117867e-01,5.812457952877623235e-01,6.505289238955458408e-01,7.226507638779146037e-01,7.974084517781812043e-01,8.745974135579261954e-01,9.540123996494405123e-01,1.035448449252181602e+00,1.118701814655018500e+00,1.203570871466525416e+00,1.289856741890058389e+00,1.377364313532150275e+00,1.465902680861988383e+00,1.555285854620551911e+00,1.645333277837204289e+00,1.735870419216030580e+00,1.826729094283520816e+00,1.917747908168120574e+00,2.008772582709155596e+00,2.099656197705913829e+00,2.190259440077069186e+00,2.280450759830064733e+00,2.370106494491354354e+00,2.459110813397559880e+00,2.547356204010874592e+00,2.634742663428732978e+00,2.721178359023429749e+00,2.806579139744629803e+00,2.890868705298808905e+00,2.973977714556069074e+00,3.055844798696747411e+00,3.136415247841400689e+00,3.215641239100718973e+00,3.293481468805019130e+00,3.369900903972658845e+00,3.444870399563099816e+00,3.518366642351315576e+00,3.590371355643745765e+00,3.660871406895406466e+00,3.729858321674373922e+00,3.797327928928321050e+00,3.863280081220578310e+00,3.927718324958731522e+00,3.990649588441017581e+00,4.052083890179459580e+00,4.112034009218694663e+00,4.170515277988839031e+00,4.227545230413094934e+00,4.283143366396493512e+00,4.337331172477865593e+00,4.390131272018733988e+00,4.441567915193082250e+00,4.491666046521213929e+00,4.540452116325870868e+00,4.587952971868789476e+00
7.666666666666667462e-02,6.209915293168999373e-02,8.959713761305965196e-02,1.219354794812426146e-01,1.590011480687366918e-01,2.006661771954872941e-01,2.467887136458095931e-01,2.972141432188076249e-01,3.517762764318619340e-01,4.102985743446213029e-01,4.725953994365282851e-01,5.384732740678388474e-01,6.077321321912951824e-01,6.801665531464342607e-01,7.555669677739462742e-01,8.337208195653800225e-01,9.144136875294283096e-01,9.974303631283869542e-01,1.082555852876488256e+00,1.169576332612368486e+00,1.258280059331463363e+00,1.348458193600158284e+00,1.439905576497774176e+00,1.532421437607503378e+00,1.625810079774564043e+00,1.719881361184288915e+00,1.814451405382697891e+00,1.909342913593997881e+00,2.004385652361118542e+00,2.099416800058863330e+00,2.194281245379908096e+00,2.288831838245468209e+00,2.382929578936639370e+00,2.476443768426192626e+00,2.569252073553180971e+00,2.661240615356986083e+00,2.752303936046703203e+00,2.842344926303060682e+00,2.931274776429489748e+00,3.019012820497568583e+00,3.105486376625185230e+00,3.190630526407011391e+00,3.274387916296537693e+00,3.356708446980025684e+00,3.437549044352271377e+00,3.516873312847473620e+00,3.594651211069496366e+00,3.670858806626994486e+00,3.745477757964705834e+00,3.818495152945332372e+00,3.889903025881860099e+00,3.959698078885574901e+00,4.027881286756691104e+00,4.094457575671841099e+00,4.159435554204063301e+00,4.222826807972249519e+00,4.284646352124759083e+00,4.344911532813641841e+00,4.403642179444953619e+00,4.460860225505419052e+00,4.516589201924745112e+00,4.570854633745669027e+00,4.623683101656046901e+00,4.675102315221353777e+00,4.725141228186175546e+00,4.773829090378090001e+00
8.000000000000000167e-02,6.481004490834496590e-02,9.350819061980987501e-02,1.272577638886645546e-01,1.659407111909727006e-01,2.094233798242521039e-01,2.575576111850697014e-01,3.101819139095908229e-01,3.671226973950121875e-01,4.281955468054937097e-01,4.932065217255608425e-01,5.619534617938540810e-01,6.342272853778802011e-01,7.098132675150486959e-01,7.884922868049246691e-01,8.700420327573163970e-01,9.542381667108728038e-01,1.040855428099181967e+00,1.129668691093060895e+00,1.220453939402414756e+00,1.312989230307232580e+00,1.407055542548135252e+00,1.502437583176648772e+00,1.598924546729791230e+00,1.696310802808637774e+00,1.794396513880314847e+00,1.892988204932213314e+00,1.991899275789994261e+00,2.090950445131659396e+00,2.189970147608321760e+00,2.288794863846530969e+00,2.387269401254835888e+00,2.485247129315879100e+00,2.582590128560187992e+00,2.679169248807088621e+00,2.774864370437756911e+00,2.869564219056445431e+00,2.963166357304185983e+00,3.055577168468204707e+00,3.146711807795619098e+00,3.236493642403724724e+00,3.324854673421714146e+00,3.411734761336263855e+00,3.497081592113830073e+00,3.580850335758205549e+00,3.663003331862036305e+00,3.743509729304935973e+00,3.822345154748199025e+00,3.899491328581512928e+00,3.974935694525105312e+00,4.048671063261073400e+00,4.120695063287103110e+00,4.191010137776639333e+00,4.259622766139159467e+00,4.326543316433498099e+00,4.391785643107561476e+00,4.455366777516511334e+00,4.517306289813162401e+00,4.577626965745539955e+00,4.636352660958352523e+00,4.693510199065134003e+00,4.749127418745702656e+00,4.803233784199215428e+00,4.855859844715052276e+00,4.907037061827334234e+00,4.956797749914768403e+00
8.333333333333334259e-02,6.752233687126690809e-02,9.742123226188643959e-02,1.325827048503436245e-01,1.728836641117496298e-01,2.181847549944247733e-01,2.683314957843083715e-01,3.231554979982219078e-01,3.824757474775963284e-01,4.460999274964935202e-01,5.138257647644656201e-01,5.854423817071996439e-01,6.607316395222858629e-01,7.394694602737198474e-01,8.214271149573271202e-01,9.063724741278990082e-01,9.940711913327604510e-01,1.084287878558459983e+00,1.176787165461857354e+00,1.271334739697304705e+00,1.367698317704758582e+00,1.465648543718074182e+00,1.564959908421361678e+00,1.665411195142385781e+00,1.766786873244537315e+00,1.868877090691908771e+00,1.971478581135123198e+00,2.074395344132417218e+00,2.177438692682573063e+00,2.280428149647533154e+00,2.383191564642811677e+00,2.485565492849318048e+00,2.587395453889828278e+00,2.688536094224731610e+00,2.788851388942038767e+00,2.888214684020865786e+00,2.986508742756527557e+00,3.083625735626329689e+00,3.179467158615809641e+00,3.273943698101701827e+00,3.366975173370529983e+00,3.458490072351491307e+00,3.548425707077562219e+00,3.636727486763758233e+00,3.723348945840701862e+00,3.808251237160437785e+00,3.891402826142173588e+00,3.972779081384110622e+00,4.052361908701901605e+00,4.130139314020166985e+00,4.206105016329948931e+00,4.280258025863609816e+00,4.352602126258295456e+00,4.423145952625602284e+00,4.491901921398994801e+00,4.558885772871152042e+00,4.624117316166088898e+00,4.687618830342202614e+00,4.749415428216054558e+00,4.809534361914864498e+00,4.868004788188454057e+00,4.924858102638724588e+00,4.980125854962554222e+00,5.033842471479099245e+00,5.086041680477968896e+00,5.136759274051910573e+00
8.666666666666666963e-02,7.023608816065618488e-02,1.013363467964439740e-01,1.379104148845859412e-01,1.798301503507462595e-01,2.269504791987637105e-01,2.791105782704235705e-01,3.361351410315305266e-01,3.978357062990283688e-01,4.640120284688059038e-01,5.344534701879336547e-01,6.089403995948833304e-01,6.872455794629896975e-01,7.691355321365775932e-01,8.543718393242637488e-01,9.427125124053483685e-01,1.033913109912550032e+00,1.127728007959022394e+00,1.223911495794759441e+00,1.322218831817481233e+00,1.422407259683891034e+00,1.524236942291536723e+00,1.627471846517421383e+00,1.731880561316218259e+00,1.837237069614828133e+00,1.943321430368809111e+00,2.049920442150058086e+00,2.156828223672431655e+00,2.263846741017008668e+00,2.370786255488918748e+00,2.477465777478998099e+00,2.583713380531658554e+00,2.689366507431245612e+00,2.794272207798413010e+00,2.898287386619285755e+00,3.001278526197568297e+00,3.103122584415975993e+00,3.203705899898988019e+00,3.302925213413590910e+00,3.400686694543999078e+00,3.496906290785978921e+00,3.591509331189233212e+00,3.684430314283207775e+00,3.775612611477413338e+00,3.865008131446712625e+00,3.952576995913880786e+00,4.038287072895602847e+00,4.122113715201571438e+00,4.204039140867807944e+00,4.284052161579788631e+00,4.362147685470864289e+00,4.438326151249598617e+00,4.512593349055497249e+00,4.584959757780790568e+00,4.655440136573917975e+00,4.724053215017337770e+00,4.790821075778518789e+00,4.855769124202645948e+00,4.918925136075976035e+00,4.980320011432506355e+00,5.039985616546367453e+00,5.097956424480747373e+00,5.154267869820706061e+00,5.208956671927030158e+00,5.262060568082802980e+00,5.313617857458504901e+00
9.000000000000001055e-02,7.295135824134327263e-02,1.052536186525945966e-01,1.432410067079945559e-01,1.867803135295929562e-01,2.357207295635602717e-01,2.898950697436866730e-01,3.491210888885764030e-01,4.132028538976950660e-01,4.819321621898876584e-01,5.550899797807757885e-01,6.324478834060165422e-01,7.137694907310678794e-01,7.988118619242736695e-01,8.873268729249690345e-01,9.790625341635982304e-01,1.073764263786859630e+00,1.171176111332949965e+00,1.271041882262566869e+00,1.373106292611647961e+00,1.477115996553843402e+00,1.582820474555891144e+00,1.689973064739967556e+00,1.798331813477304753e+00,1.907660163657139085e+00,2.017727825030795508e+00,2.128311393163676790e+00,2.239195010637420769e+00,2.350170872592742821e+00,2.461039854158383555e+00,2.571611840264717674e+00,2.681706210106674870e+00,2.791152106371541208e+00,2.899788760493088091e+00,3.007465661458742279e+00,3.114042721353500909e+00,3.219390353681025108e+00,3.323389521047680262e+00,3.425931578104884245e+00,3.526918409362352236e+00,3.626262046361778957e+00,3.723884568051460953e+00,3.819717786497404344e+00,3.913703058278183544e+00,4.005790805209427319e+00,4.095940207666724397e+00,4.184118715523140963e+00,4.270301910506797860e+00,4.354472465434269246e+00,4.436620252034921386e+00,4.516741640342491593e+00,4.594838713491305349e+00,4.670919517356531436e+00,4.744996812681836929e+00,4.817088054553278376e+00,4.887214774506469794e+00,4.955402191527522149e+00,5.021678638368163305e+00,5.086075611553758868e+00,5.148626804655728861e+00,5.209367708431825505e+00,5.268336281714181446e+00,5.325571431260659239e+00,5.381113255755860081e+00,5.435002760712285941e+00,5.487282068130526547e+00
9.333333333333333759e-02,7.566820670690761752e-02,1.091731324390959462e-01,1.485745932835910998e-01,1.937342978051082854e-01,2.444956822988565148e-01,3.006851817545513339e-01,3.621135878747649972e-01,4.285774707452708610e-01,4.998606415744585862e-01,5.757356362455984256e-01,6.559651991708901342e-01,7.403037541818497935e-01,8.284988604813261492e-01,9.202925896911847703e-01,1.015422913549837380e+00,1.113624982662774876e+00,1.214632449200977238e+00,1.318178527584661808e+00,1.423997247775820485e+00,1.531824446226490943e+00,1.641398859109740815e+00,1.752462998748872236e+00,1.864764090462577961e+00,1.978054905612163017e+00,2.092094546169623648e+00,2.206649174248638712e+00,2.321492732516091451e+00,2.436407331621415207e+00,2.551184241087270710e+00,2.665624051318033594e+00,2.779537020740691311e+00,2.892743926619242956e+00,3.005075901081278200e+00,3.116374902857521612e+00,3.226493848609578219e+00,3.335296777902758691e+00,3.442658782572390219e+00,3.548466217400906952e+00,3.652616251778610490e+00,3.755017115367713210e+00,3.855587604362701537e+00,3.954256958796365851e+00,4.050964600671146165e+00,4.145659526552520013e+00,4.238300176068444891e+00,4.328853858852450109e+00,4.417296286020183871e+00,4.503611149133213587e+00,4.587789519613928668e+00,4.669829394616415108e+00,4.749735160985999904e+00,4.827517003971269816e+00,4.903190496417418665e+00,4.976776013724590442e+00,5.048298235593990491e+00,5.117785858490642603e+00,5.185270424786478038e+00,5.250787157661475746e+00,5.314373238476012951e+00,5.376068125143859788e+00,5.435913206328702785e+00,5.493951177236831462e+00,5.550225731332035117e+00,5.604781618254603970e+00,5.657663937250319464e+00
9.666666666666667851e-02,7.838669337720259589e-02,1.130949729516555896e-01,1.539112878121089434e-01,2.006922474718747518e-01,2.532755158472264623e-01,3.114811262164493555e-01,3.751128847241510522e-01,4.439598377695245235e-01,5.177977799789444946e-01,5.963907812590280022e-01,6.794927141220528100e-01,7.668487655680586990e-01,8.581969169408685261e-01,9.532693871815378639e-01,1.051794025710260483e+00,1.153495652969636076e+00,1.258097338349636107e+00,1.365321633751110708e+00,1.474891720287878183e+00,1.586532541893605153e+00,1.699971815652295382e+00,1.814941069958756259e+00,1.931176518923553687e+00,2.048420019154792548e+00,2.166419833512215121e+00,2.284931439589862556e+00,2.403718178669079553e+00,2.522552249775858346e+00,2.641214652540864627e+00,2.759496414272417653e+00,2.877198744226150851e+00,2.994133542367408918e+00,3.110123640508469123e+00,3.225003304117564085e+00,3.338618313158345785e+00,3.450826105462147630e+00,3.561495921933077735e+00,3.670508774589846812e+00,3.777757384463427570e+00,3.883145822489396437e+00,3.986589987785990274e+00,4.088016348698492841e+00,4.187362626023542589e+00,4.284576498007795387e+00,4.379615863245173379e+00,4.472448012894886915e+00,4.563049243423385803e+00,4.651404254897574475e+00,4.737505840477987284e+00,4.821353848087129634e+00,4.902955079134879490e+00,4.982322549122848443e+00,5.059474650584211197e+00,5.134435095366597146e+00,5.207232424491880174e+00,5.277898321498376788e+00,5.346468829222596142e+00,5.412982334698559939e+00,5.477480613056855852e+00,5.540006864205859749e+00,5.600606209999582141e+00,5.659325036760550098e+00,5.716211585646738591e+00,5.771314039639572790e+00,5.824681250308511693e+00
1.000000000000000056e-01,8.110687784586298466e-02,1.170192251761679875e-01,1.592512037510450396e-01,2.076543071730221068e-01,2.620604077593771675e-01,3.222831154853466606e-01,3.881192266222676657e-01,4.593502363650218689e-01,5.357438911839478290e-01,6.170557587993478199e-01,7.030307966340004766e-01,7.934049011257744421e-01,8.879064265422783597e-01,9.862576594514096406e-01,1.088176247858075429e+00,1.193376572044700490e+00,1.301571041700777087e+00,1.412471386247667438e+00,1.525789818559027511e+00,1.641240186457822325e+00,1.758539047316538761e+00,1.877406713448420250e+00,1.997568197809246104e+00,2.118754203501655997e+00,2.240701890968142429e+00,2.363155804474782240e+00,2.485868598949291464e+00,2.608601735646167707e+00,2.731126218202640121e+00,2.853223178380758007e+00,2.974684181568626240e+00,3.095312259430156310e+00,3.214921774596592119e+00,3.333338939857957595e+00,3.450402257129646877e+00,3.565962429900140229e+00,3.679882645625843995e+00,3.792038603184129553e+00,3.902318325849814862e+00,4.010622275250865343e+00,4.116862728516923475e+00,4.220964117202242960e+00,4.322862130371600387e+00,4.422503583809515249e+00,4.519845911200842892e+00,4.614856729763216592e+00,4.707512954564182728e+00,4.797800909926919211e+00,4.885715072819360572e+00,4.971257752253288587e+00,5.054438420189029557e+00,5.135273227832956700e+00,5.213783811998355056e+00,5.289997781797302068e+00,5.363947126613981986e+00,5.435667953439744515e+00,5.505200032544159683e+00,5.572586336638459592e+00,5.637872414973185364e+00,5.701105942070218369e+00,5.762336470337499961e+00,5.821614458643765033e+00,5.878991989969096998e+00,5.934521485195189960e+00,5.988255710361751305e+00
1.103448275862069089e-01,8.956029262954802450e-02,1.292142193651040216e-01,1.758451019696103124e-01,2.292884418158557813e-01,2.893580071525979625e-01,3.558473274985840540e-01,4.285312800202982220e-01,5.071677389743115549e-01,5.914992629785631451e-01,6.812547778340893867e-01,7.761512914211601277e-01,8.758955256616244300e-01,9.801855517829104469e-01,1.088712359097482762e+00,1.201161371413195900e+00,1.317213910831265489e+00,1.436548567308236102e+00,1.558842605508050649e+00,1.683773185173113252e+00,1.811018605808660142e+00,1.940259562514501601e+00,2.071180201291822343e+00,2.203469280203529834e+00,2.336821218688005963e+00,2.470937129662432952e+00,2.605525817450852877e+00,2.740304683978827871e+00,2.875000741071906951e+00,3.009351352634761945e+00,3.143105090167248150e+00,3.276022623860624261e+00,3.407877033045141779e+00,3.538454830721207589e+00,3.667556233909269103e+00,3.794995680291705753e+00,3.920602149220801191e+00,4.044219386449876552e+00,4.165706080910714704e+00,4.284935822688915152e+00,4.401796983301371924e+00,4.516192761154201207e+00,4.628040530215229431e+00,4.737271712147746783e+00,4.843831233944813519e+00,4.947676874967211091e+00,5.048778794616466392e+00,5.147118696920936820e+00,5.242689169943566263e+00,5.335492929593939060e+00,5.425541908655326040e+00,5.512856617869499765e+00,5.597465134371929274e+00,5.679402467340858962e+00,5.758709531104598156e+00,5.835432930524278916e+00,5.909623611872671489e+00,5.981336301401777078e+00,6.050629138039169241e+00,6.117562971497267910e+00,6.182199997395880331e+00,6.244605080138971864e+00,6.304843212937933927e+00,6.362980567262447096e+00,6.419083125177529325e+00,6.473217099094201288e+00
1.206896551724137984e-01,9.803244380728357021e-02,1.414358233162789635e-01,1.924745400336713153e-01,2.509679145289646640e-01,3.167113978504492167e-01,3.894781996996285467e-01,4.690210088089291074e-01,5.550737726031135244e-01,6.473535068444919993e-01,7.455621052927851045e-01,8.493881325265669746e-01,9.585085827513084578e-01,1.072590578372187631e+00,1.191293028232672135e+00,1.314268212022054350e+00,1.441163295093853769e+00,1.571621826329534954e+00,1.705285125581286421e+00,1.841793657245397453e+00,1.980788363842983513e+00,2.121911946111928238e+00,2.264810140161085172e+00,2.409132951692765978e+00,2.554535882858167906e+00,2.700681128573434009e+00,2.847238809885293431e+00,2.993888065241848473e+00,3.140318274092432471e+00,3.286230099401505900e+00,3.431336628474313866e+00,3.575364324538188754e+00,3.718053953263525724e+00,3.859161669491993241e+00,3.998459340463115907e+00,4.135735657419831846e+00,4.270796436513954575e+00,4.403464938915857552e+00,4.533582886222712993e+00,4.661009068468808358e+00,4.785620805503511654e+00,4.907313061135814891e+00,5.025998197490599395e+00,5.141605592253246648e+00,5.254080949138602463e+00,5.363385542020441932e+00,5.469495964264603494e+00,5.572402030508306403e+00,5.672107044214716787e+00,5.768626119115163320e+00,5.861985301374452284e+00,5.952220468382604324e+00,6.039376278483814531e+00,6.123505129631678479e+00,6.204666156982464820e+00,6.282924119721081446e+00,6.358348687447518799e+00,6.431013133314149144e+00,6.500994702851793150e+00,6.568371746592585048e+00,6.633225077478217102e+00,6.695636268462384244e+00,6.755687426729664047e+00,6.813460611802420352e+00,6.869037300720852279e+00,6.922498345157727329e+00
1.310344827586207017e-01,1.065251502788217564e-01,1.536866181383853003e-01,2.091429605467230168e-01,2.726971137478532703e-01,3.441259725024837790e-01,4.231821657143109428e-01,5.095958957927473332e-01,6.030768457800715909e-01,7.033161088683242967e-01,8.099880852799550279e-01,9.227523824178045508e-01,1.041255638247451154e+00,1.165133296595933343e+00,1.294011319312260655e+00,1.427507795102340937e+00,1.565234549205206438e+00,1.706798675531441267e+00,1.851803955023202386e+00,1.999852290000467603e+00,2.150545180675844659e+00,2.303485036250886964e+00,2.458276576479071718e+00,2.614528329803526230e+00,2.771853807910872103e+00,2.929873121739382746e+00,3.088214347485592537e+00,3.246514887844634600e+00,3.404423102064090045e+00,3.561599413443484075e+00,3.717718012691524354e+00,3.872468059201056079e+00,4.025554981576072500e+00,4.176701797451976006e+00,4.325649993878865729e+00,4.472160692996265396e+00,4.616015396211664346e+00,4.757016507222981083e+00,4.894988011636054459e+00,5.029775523263985804e+00,5.161246349581100290e+00,5.289289399756097687e+00,5.413814649133831480e+00,5.534752765705983180e+00,5.652054172519661357e+00,5.765688065423213438e+00,5.875641602390589746e+00,5.981918453784837553e+00,6.084537547840656480e+00,6.183531642907857950e+00,6.278946806981457129e+00,6.370839063941314606e+00,6.459275042385626442e+00,6.544329573815684142e+00,6.626084442855663781e+00,6.704627363388917516e+00,6.780050872758337732e+00,6.852450597799285781e+00,6.921925276807580296e+00,6.988574907974309802e+00,7.052500788685141409e+00,7.113803761912953050e+00,7.172584553048644729e+00,7.228942819343164849e+00,7.282976624105010011e+00,7.334782157261069635e+00
1.413793103448275912e-01,1.150402479710585235e-01,1.659692085532595840e-01,2.258538420873392738e-01,2.944804655121097126e-01,3.716071695464702729e-01,4.569657093808592307e-01,5.502634781426526400e-01,6.511855290559399601e-01,7.593966057953399629e-01,8.745431134148279328e-01,9.962551399452002077e-01,1.124148279815308848e+00,1.257825500428884968e+00,1.396878793560999643e+00,1.540891013122315023e+00,1.689437284498174430e+00,1.842086659941185367e+00,1.998403590636563587e+00,2.157949409978045185e+00,2.320283805770959606e+00,2.484966305267060971e+00,2.651557792904915445e+00,2.819621958535090123e+00,2.988727315834189380e+00,3.158448135930278511e+00,3.328366476504676541e+00,3.498074504641032423e+00,3.667175381357387742e+00,3.835285590645021170e+00,4.002036709935056891e+00,4.167077043612406051e+00,4.330073551166473855e+00,4.490713387612792928e+00,4.648705480344127672e+00,4.803781764102589058e+00,4.955698635468605673e+00,5.104237344092989126e+00,5.249205372186062313e+00,5.390436225804118742e+00,5.527789754454704330e+00,5.661151962051975239e+00,5.790434543282091617e+00,5.915573976287573643e+00,6.036530602534963208e+00,6.153287323220168581e+00,6.265848084614582092e+00,6.374236429828393113e+00,6.478493604814130613e+00,6.578676586902496126e+00,6.674856991631405556e+00,6.767117949202551941e+00,6.855553623816447839e+00,6.940266528208543839e+00,7.021366372026618841e+00,7.098968241869294538e+00,7.173191265940962680e+00,7.244157192260034073e+00,7.311989438415896103e+00,7.376811834360318620e+00,7.438747754108688603e+00,7.497919377626308446e+00,7.554447020153992831e+00,7.608448491758420751e+00,7.660038736968588502e+00,7.709329409526078258e+00
1.517241379310345084e-01,1.235795914706520754e-01,1.782862250953720085e-01,2.426106885968898896e-01,3.163224370269246966e-01,3.991604738675885722e-01,4.908353687981928948e-01,5.910313529119517462e-01,6.994084454939014650e-01,8.156045726748559765e-01,9.392376406142822765e-01,1.069907550259775242e+00,1.207198120637708483e+00,1.350678902098598311e+00,1.499907025978373776e+00,1.654428683117610932e+00,1.813780894630945717e+00,1.977492990216631608e+00,2.145088044709337449e+00,2.316084575619012043e+00,2.489997883111858989e+00,2.666341711020720151e+00,2.844629864416892584e+00,3.024377958743902806e+00,3.205105108961221916e+00,3.386336113940255910e+00,3.567603194717890780e+00,3.748448378578153495e+00,3.928425614652417242e+00,4.107103117752102683e+00,4.284065725483580778e+00,4.458917253832725969e+00,4.631282808374769466e+00,4.800810932839177703e+00,4.967176172928164490e+00,5.130079886048806159e+00,5.289252859466062162e+00,5.444456171622784169e+00,5.595482169867793232e+00,5.742155140288565107e+00,5.884331152939869192e+00,6.021897765287897997e+00,6.154773993693815726e+00,6.282908428753530394e+00,6.406278317499564778e+00,6.524886958957165639e+00,6.638763336076340948e+00,6.747958317054863819e+00,6.852542886444873638e+00,6.952606030417483041e+00,7.048252009126080075e+00,7.139597416121183038e+00,7.226770179771482283e+00,7.309906508987911167e+00,7.389148179647111014e+00,7.464642179859416693e+00,7.536537638588165500e+00,7.604985304141339775e+00,7.670135539538441627e+00,7.732137387344503843e+00,7.791137665423229386e+00,7.847280403784875347e+00,7.900704719563864664e+00,7.951547224074769105e+00,7.999938741454831082e+00,8.046005599678103692e+00
1.620689655172413979e-01,1.321450556034655388e-01,1.906403263539499793e-01,2.594170458473007423e-01,3.382275401265859571e-01,4.267914237454596416e-01,5.247977420974950791e-01,6.319071810135025169e-01,7.477542918841734165e-01,8.719496880976538300e-01,1.004082177161996769e+00,1.143720800918354152e+00,1.290416780091030891e+00,1.443705363169361489e+00,1.603107465893766737e+00,1.768131470506539182e+00,1.938274529103959809e+00,2.113024410733053138e+00,2.291860706143221016e+00,2.474256487667491733e+00,2.659679843598775850e+00,2.847595512118488603e+00,3.037466668910287382e+00,3.228756804092108634e+00,3.420931804268966481e+00,3.613462192798953865e+00,3.805825654516532097e+00,3.997509483531671126e+00,4.188013553313306936e+00,4.376853152154870585e+00,4.563562044313083987e+00,4.747695575075869812e+00,4.928833618993885501e+00,5.106583674983592225e+00,5.280583541924206870e+00,5.450503861315053378e+00,5.616050269193469724e+00,5.776965125399367018e+00,5.933028705235556366e+00,6.084060046898447816e+00,6.229916788044236320e+00,6.370494983933483013e+00,6.505727728856102843e+00,6.635584102438763843e+00,6.760066585186241817e+00,6.879208889321546394e+00,6.993073138763004515e+00,7.101746765039981923e+00,7.205339355024996451e+00,7.303980241859729716e+00,7.397813314659580364e+00,7.486996520646002296e+00,7.571696740397362291e+00,7.652088699991717036e+00,7.728351212069259901e+00,7.800666342614779758e+00,7.869215827317715295e+00,7.934180797073475233e+00,7.995739659145646883e+00,8.054066989319391467e+00,8.109333008414299826e+00,8.161702157818330861e+00,8.211332597146824952e+00,8.258376977376537198e+00,8.302980250180015176e+00,8.345281526387243076e+00
1.724137931034482873e-01,1.407385371121175066e-01,2.030342012221534320e-01,2.762764972884527714e-01,3.602003348511430558e-01,4.545056136070891317e-01,5.588594956182526552e-01,6.728986933195607589e-01,7.962318354768093132e-01,9.284416777500150708e-01,1.069087297179726059e+00,1.217706140478891808e+00,1.373815964575970661e+00,1.536916537105193603e+00,1.706491527742502123e+00,1.882009809533856215e+00,2.062927075603298022e+00,2.248687340776278187e+00,2.438724316473774856e+00,2.632462905149511201e+00,2.829320775421204637e+00,3.028710101439748836e+00,3.230039528094441170e+00,3.432716025351897127e+00,3.636147528228492298e+00,3.839745466511813365e+00,4.042927559719592168e+00,4.245121238718314594e+00,4.445767068510626530e+00,4.644322354707060008e+00,4.840265042979367216e+00,5.033097904122431743e+00,5.222352270960580078e+00,5.407592103579065501e+00,5.588417573286154294e+00,5.764468393575435279e+00,5.935426643694240667e+00,6.101019019586728653e+00,6.261018396989796564e+00,6.415244569061302471e+00,6.563564219258035237e+00,6.705890175563901323e+00,6.842179707155745305e+00,6.972432277526384503e+00,7.096686486130512783e+00,7.215016908817991848e+00,7.327529163775015064e+00,7.434358034150408301e+00,7.535661226531960466e+00,7.631615682230846964e+00,7.722414102168623451e+00,7.808260791258835098e+00,7.889367798633736939e+00,7.965952269033158117e+00,8.038233145901578780e+00,8.106428961933955790e+00,8.170755590964391857e+00,8.231424598295076223e+00,8.288641805839999321e+00,8.342606205494739413e+00,8.393509285078049942e+00,8.441533577357025919e+00,8.486854600605793664e+00,8.529637407852016295e+00,8.570039205769381496e+00,8.608208013535312730e+00
1.827586206896552046e-01,1.493619563478997547e-01,2.154705713274052414e-01,2.931926689769609462e-01,3.822454332233284902e-01,4.823087012237358695e-01,5.930273462685033969e-01,7.140136951140922950e-01,8.448499202682113740e-01,9.850903474740688726e-01,1.134263659303353489e+00,1.291874863115718197e+00,1.457407283661152686e+00,1.630324221446328048e+00,1.810070522283686145e+00,1.996074052134159116e+00,2.187747090056188171e+00,2.384487676187644567e+00,2.585680953477225152e+00,2.790700521699843950e+00,2.998910293377705649e+00,3.209665909271805617e+00,3.422316912400277911e+00,3.636209218774907992e+00,3.850687451042382303e+00,4.065098341249016478e+00,4.278794141478893920e+00,4.491136510333643805e+00,4.701500765452776953e+00,4.909281140826522893e+00,5.113894608248755524e+00,5.314787180804480649e+00,5.511438507865746850e+00,5.703367102826534030e+00,5.890135069454607297e+00,6.071352452099785246e+00,6.246680826879408954e+00,6.415836130796107817e+00,6.578590473167730934e+00,6.734772912269955114e+00,6.884269079190118212e+00,7.027019723898056291e+00,7.163018065652837940e+00,7.292306928228819984e+00,7.414973644548879861e+00,7.531144672210221103e+00,7.640983289617154561e+00,7.744680504872367699e+00,7.842451782115738013e+00,7.934531098772954039e+00,8.021165393854797543e+00,8.102611248352390660e+00,8.179129829447278510e+00,8.250982778700988618e+00,8.318430297315419608e+00,8.381727758063727052e+00,8.441123811169376268e+00,8.496858791424038770e+00,8.549163348860350453e+00,8.598258103368991101e+00,8.644352134948434241e+00,8.687643813500592671e+00,8.728319800610361057e+00,8.766555698365525728e+00,8.802515860108444556e+00,8.836354781415870718e+00
1.931034482758620940e-01,1.580172590075213657e-01,2.279521932831856390e-01,3.101692317891489581e-01,4.043675029188267822e-01,5.102064063854769849e-01,6.273081119268996142e-01,7.552600714204391608e-01,8.936174735597736118e-01,1.041905584280260477e+00,1.199621907787842057e+00,1.366238282993117892e+00,1.541202494519170463e+00,1.723940090301506745e+00,1.913855710245000896e+00,2.110334360890003591e+00,2.312742862289201451e+00,2.520430746423373058e+00,2.732731736425377811e+00,2.948964898426247760e+00,3.168436389783756635e+00,3.390440983826091603e+00,3.614264391411296184e+00,3.839185885959545352e+00,4.064481155999697393e+00,4.289426375623434318e+00,4.513301627881559419e+00,4.735396541853460484e+00,4.955015243207972375e+00,5.171482382109182652e+00,5.384149419262962866e+00,5.592401360764124085e+00,5.795663396138939660e+00,5.993407330510656550e+00,6.185157985425902893e+00,6.370498500185975743e+00,6.549075061636959738e+00,6.720600040684148624e+00,6.884854229130217718e+00,7.041687234362544068e+00,7.191016473435638545e+00,7.332824644317104124e+00,7.467155749576337875e+00,7.594110084322382548e+00,7.713838091723745016e+00,7.826533705817050546e+00,7.932426966129561663e+00,8.031777678023880540e+00,8.124867534089933230e+00,8.211994095077885802e+00,8.293464672460114429e+00,8.369590654079493319e+00,8.440683324984810554e+00,8.507049842472740764e+00,8.568989744612908410e+00,8.626793090953137622e+00,8.680738025720222240e+00,8.731089735936956586e+00,8.778099570388974371e+00,8.822004592952078283e+00,8.863027380694017410e+00,8.901376361158813921e+00,8.937245541921416958e+00,8.970815873442965938e+00,9.002255256708927789e+00,9.031718828700327606e+00
2.034482758620689835e-01,1.667064188147424630e-01,2.404818613102452929e-01,3.272099058504778779e-01,4.265712711663114942e-01,5.382045205512880903e-01,6.617086714829850669e-01,7.966457952377609120e-01,9.425435105025838922e-01,1.098897361528308414e+00,1.265172945443299835e+00,1.440807851380873750e+00,1.625213348471099994e+00,1.817775827167564362e+00,2.017858142003920996e+00,2.224800647264583819e+00,2.437922248639116773e+00,2.656521405031986749e+00,2.879877178077341782e+00,3.107250426881734029e+00,3.337885417659917309e+00,3.571010978964748617e+00,3.805843912928562389e+00,4.041590973357612526e+00,4.277452548642829200e+00,4.512627006390905748e+00,4.746316016514180447e+00,4.977729782613363518e+00,5.206094502935145307e+00,5.430659433115746282e+00,5.650705047863790575e+00,5.865551477310101625e+00,6.074567333472177033e+00,6.277177669438502861e+00,6.472872323026797936e+00,6.661212488766247830e+00,6.841836630179586543e+00,7.014463785114239514e+00,7.178896140380905955e+00,7.335018520728415758e+00,7.482796297154038712e+00,7.622271200840938121e+00,7.753554982117190519e+00,7.876822542993894061e+00,7.992303022113082633e+00,8.100270307448155904e+00,8.201035122158440771e+00,8.294934131748629369e+00,8.382322986123655895e+00,8.463567397182973906e+00,8.539036754029307730e+00,8.609098270254207819e+00,8.674112023650183190e+00,8.734427224595082251e+00,8.790379227446001309e+00,8.842287352374817999e+00,8.890454032644925064e+00,8.935163295057137134e+00,8.976681249367251425e+00,9.015255480165958346e+00,9.051116064720767795e+00,9.084475812534934747e+00,9.115531266917729525e+00,9.144463361706568705e+00,9.171438756864658259e+00,9.196610307792267847e+00
2.137931034482759007e-01,1.754314348568371817e-01,2.530624095876709001e-01,3.443184625322415759e-01,4.488615285321305715e-01,5.663089095020030772e-01,6.962359916615982192e-01,8.381789194752257144e-01,9.916371391015151859e-01,1.156075741034428894e+00,1.330927554762641352e+00,1.515594994055256217e+00,1.709451543776753235e+00,1.911843096174060674e+00,2.122088922611148565e+00,2.339482612807287421e+00,2.563292777768346298e+00,2.792763814993396654e+00,3.027116686053940686e+00,3.265549989151351085e+00,3.507241245734786350e+00,3.751348729213416888e+00,3.997013908911402513e+00,4.243364424888624420e+00,4.489518429095726404e+00,4.734589389784495062e+00,4.977692169995308724e+00,5.217950657801227798e+00,5.454505594056785256e+00,5.686524590849989735e+00,5.913211937700895149e+00,6.133819669343264280e+00,6.347658227051986124e+00,6.554107925593787520e+00,6.752627930985816818e+00,6.942765307761392890e+00,7.124161531823241411e+00,7.296556585006768181e+00,7.459790445856993912e+00,7.613801777992940778e+00,7.758623559281859094e+00,7.894376412071492766e+00,8.021259494712815297e+00,8.139539934069466298e+00,8.249541484610380948e+00,8.351630826479871317e+00,8.446209678358751916e+00,8.533698730789174292e+00,8.614531068338401099e+00,8.689142015178465073e+00,8.757961981124449125e+00,8.821410483784511314e+00,8.879891592636553810e+00,8.933790530522243145e+00,8.983471502503752149e+00,9.029276279665870319e+00,9.071523664502462836e+00,9.110509648336002186e+00,9.146507379211167077e+00,9.179768703821228115e+00,9.210524795722538016e+00,9.238987158400069788e+00,9.265349272482986009e+00,9.289787915049588563e+00,9.312463516399239083e+00,9.333522948751495463e+00
2.241379310344827902e-01,1.841943423971388605e-01,2.656967149853381449e-01,3.614987284052923466e-01,4.712431331432422876e-01,5.945255197493798383e-01,7.308971282749431309e-01,8.798676088667639617e-01,1.040907565888435471e+00,1.213450856181380599e+00,1.396896735953194302e+00,1.590611265958431941e+00,1.793928913940502579e+00,2.006153503358314882e+00,2.226558917572833085e+00,2.454389710157801829e+00,2.688861522396509773e+00,2.929161473269887406e+00,3.174448682512084119e+00,3.423855063261380671e+00,3.676486412396570813e+00,3.931424341286261281e+00,4.187728612131454753e+00,4.444440726401766462e+00,4.700588618476350788e+00,4.955192613814543456e+00,5.207272800158575521e+00,5.455858036975620884e+00,5.699996409732414726e+00,5.938767144523030339e+00,6.171293542404941768e+00,6.396756793625036686e+00,6.614410254809248713e+00,6.823592300383626075e+00,7.023739287098353934e+00,7.214395492028377710e+00,7.395220583393602887e+00,7.565993745943195847e+00,7.726613892749930379e+00,7.877096059940887685e+00,8.017564041142538400e+00,8.148239810356546542e+00,8.269430304357010542e+00,8.381513039185060521e+00,8.484919664547826201e+00,8.580123853752228413e+00,8.667620824198133178e+00,8.747920259248525454e+00,8.821532340366287528e+00,8.888958708990587709e+00,8.950685259105419789e+00,9.007176731776121770e+00,9.058872949998644231e+00,9.106186377130422116e+00,9.149500892417451681e+00,9.189171630609129338e+00,9.225525391740555747e+00,9.258861741389168287e+00,9.289453598992063021e+00,9.317550377290734431e+00,9.343377933393798074e+00,9.367141243806091921e+00,9.389026024514389945e+00,9.409200236351699331e+00,9.427815365938913672e+00,9.445008475148320315e+00
2.344827586206896797e-01,1.929972061301610253e-01,2.783876992196895328e-01,3.787545885765428166e-01,4.937210149787986113e-01,6.228603923014636168e-01,7.656992314096324748e-01,9.217201189232224756e-01,1.090364104348124252e+00,1.271033050867345748e+00,1.463091513412657418e+00,1.665868240365249831e+00,1.878657250715827010e+00,2.100718631212964649e+00,2.331278881340200559e+00,2.569531114345245282e+00,2.814635075067986936e+00,3.065717151547450836e+00,3.321870497595317495e+00,3.582155496062819910e+00,3.845600697382433708e+00,4.111204512498708219e+00,4.377937945764454497e+00,4.644748342003897079e+00,4.910564894102238398e+00,5.174305851466360906e+00,5.434887189720155831e+00,5.691234204457295220e+00,5.942294175960698865e+00,6.187051557738879382e+00,6.424544449047996153e+00,6.653882086889431058e+00,6.874262590636479153e+00,7.084989716149348027e+00,7.285488102741251026e+00,7.475315063900325185e+00,7.654168678412178295e+00,7.821890839147629393e+00,7.978465100575925284e+00,8.124009725972060281e+00,8.258765211953507546e+00,8.383078650784806740e+00,8.497385089349076992e+00,8.602188133343638299e+00,8.698040717082159645e+00,8.785524699689407413e+00,8.865235963411164377e+00,8.937768949148905406e+00,9.003705326221060901e+00,9.063605151623109535e+00,9.118000225130177938e+00,9.167389873081956964e+00,9.212238636875087039e+00,9.252975251236952303e+00,9.289992904667139229e+00,9.323650324828314240e+00,9.354273408425168412e+00,9.382156902316795666e+00,9.407567178046051026e+00,9.430744246261701491e+00,9.451903840422621883e+00,9.471239643185407786e+00,9.488925576656077610e+00,9.505117696487971557e+00,9.519955551922729242e+00,9.533564522070124170e+00
2.448275862068965691e-01,2.018421260707238818e-01,2.911383260175662291e-01,3.960899900695872278e-01,5.163001796985875469e-01,6.513195959115297695e-01,8.006496019862262559e-01,9.637448153230816494e-01,1.140016173082307072e+00,1.328832608023133410e+00,1.529523023927354952e+00,1.741377558752801757e+00,1.963648366879146234e+00,2.195549998150552184e+00,2.436259428245930003e+00,2.684915701545718569e+00,2.940619535231658421e+00,3.202432800671785706e+00,3.469378237129107312e+00,3.740439267813725266e+00,4.014561332184389819e+00,4.290652454523230297e+00,4.567586909670117379e+00,4.844209174530315742e+00,5.119340319153174335e+00,5.391786510940426602e+00,5.660350028152052460e+00,5.923842891148269452e+00,6.181103581318693863e+00,6.431015597644830883e+00,6.672528590927724323e+00,6.904680452294230442e+00,7.126619541826408444e+00,7.337625577044545544e+00,7.537127599223312657e+00,7.724717574072262671e+00,7.900157864277755237e+00,8.063382251455964322e+00,8.214489655602852380e+00,8.353731090135637416e+00,8.481491720027936054e+00,8.598266177135805322e+00,8.704636612916011984e+00,8.801244703462966612e+00,8.888768894749999205e+00,8.967902317367684617e+00,9.039334731162831815e+00,9.103737734727943121e+00,9.161753926766953882e+00,9.213989177786142903e+00,9.261007973736875343e+00,9.303331056003422361e+00,9.341434976911385135e+00,9.375753023322182855e+00,9.406676838618759362e+00,9.434559145590812435e+00,9.459716836714955335e+00,9.482432893680746488e+00,9.502960605594470422e+00,9.521525564503832584e+00,9.538329217146307215e+00,9.553550506107455931e+00,9.567348715117960367e+00,9.579865500010415147e+00,9.591226622540400371e+00,9.601545012209038887e+00
2.551724137931035141e-01,2.107312393213648383e-01,3.039516381576594095e-01,4.135089456624900794e-01,5.389857130016628695e-01,6.799093941919432948e-01,8.357554621668835670e-01,1.005950176631030812e+00,1.189873312562229390e+00,1.386860039347970197e+00,1.596202500641149546e+00,1.817150979061640914e+00,2.048914139278290136e+00,2.290659087704128183e+00,2.541510996371445952e+00,2.800552021115373602e+00,3.066820442821922565e+00,3.339309469769366157e+00,3.616966589622435890e+00,3.898692743569780461e+00,4.183342909347217642e+00,4.469727486214074119e+00,4.756615190881295696e+00,5.042737956209247585e+00,5.326798330562216854e+00,5.607479745887451905e+00,5.883459828738645037e+00,6.153427898243571725e+00,6.416105091017849205e+00,6.670268558553249072e+00,6.914777838374511987e+00,7.148602884613497466e+00,7.370851555118783871e+00,7.580795273959084923e+00,7.777889883402274052e+00,7.961789943864679309e+00,8.132354730794189024e+00,8.289644639050576913e+00,8.433908290421152643e+00,8.565561600592650038e+00,8.685160733351702689e+00,8.793369327659512180e+00,8.890928187512301406e+00,8.978622628271288875e+00,9.057255655756739188e+00,9.127624222602220172e+00,9.190500899322271877e+00,9.246620451120008966e+00,9.296670797699240651e+00,9.341287844057383438e+00,9.381053365440974900e+00,9.416495141916941591e+00,9.448088773441117638e+00,9.476260580302582781e+00,9.501390800419880378e+00,9.523818123415196624e+00,9.543842475970787831e+00,9.561730258595281029e+00,9.577716413164923281e+00,9.592008985685293254e+00,9.604791549979180942e+00,9.616226094224435528e+00,9.626455647556186435e+00,9.635606467577513712e+00,9.643789778513934152e+00,9.651104660361044196e+00
2.655172413793103758e-01,2.196667219150280070e-01,3.168306906059761840e-01,4.310155372585334765e-01,5.617827856474484349e-01,7.086360697319906699e-01,8.710243689491379282e-01,1.048344800403824939e+00,1.239945162947110768e+00,1.445125898551617105e+00,1.663141288925743977e+00,1.893200225727089459e+00,2.134466339480960428e+00,2.386057296078748280e+00,2.647043802629758247e+00,2.916448251525067370e+00,3.193242695637447781e+00,3.476347373230148197e+00,3.764628994991118471e+00,4.056899710437891216e+00,4.351916963289257367e+00,4.648384760006666561e+00,4.944956678480117773e+00,5.240241490039579730e+00,5.532811928077292052e+00,5.821216810721791646e+00,6.103998010167398292e+00,6.379711349570274415e+00,6.646953094513008864e+00,6.904389585519397521e+00,7.150791024070887403e+00,7.385066344422321016e+00,7.606297572213864377e+00,7.813770082630652425e+00,8.006996144799758852e+00,8.185728562718740164e+00,8.349962550998874633e+00,8.499924872434627687e+00,8.636050859265173685e+00,8.758952492997934769e+00,8.869379839697753454e+00,8.968179744610791815e+00,9.056256522977003343e+00,9.134536072157121822e+00,9.203935950476235917e+00,9.265342240372708815e+00,9.319592903598762135e+00,9.367467001715048980e+00,9.409679341490484461e+00,9.446878288862412987e+00,9.479646997839285660e+00,9.508506279492115354e+00,9.533918878097773941e+00,9.556293871875304546e+00,9.575992242220653594e+00,9.593331238992774956e+00,9.608589670385441650e+00,9.622012189746287802e+00,9.633812696608154980e+00,9.644179102802182157e+00,9.653275658227496336e+00,9.661246245352828055e+00,9.668217722756311971e+00,9.674299533201921264e+00,9.679590061848866611e+00,9.684174304576046666e+00
2.758620689655172376e-01,2.286507910360940365e-01,3.297786145243048472e-01,4.486139201123148235e-01,5.846966628878024208e-01,7.375060654937786175e-01,9.064638841159100568e-01,1.090937413239663645e+00,1.290241539849686037e+00,1.503640944095855136e+00,1.730350780821088064e+00,1.969537218796283407e+00,2.220316920882575928e+00,2.481755944514393519e+00,2.752867997516004195e+00,3.032612194149955531e+00,3.319890601723558099e+00,3.613545537805716634e+00,3.912357174726767806e+00,4.215041994104466561e+00,4.520251791879437597e+00,4.826574966730356131e+00,5.132538916767249937e+00,5.436618085886572693e+00,5.737242618267221594e+00,6.032814221727667459e+00,6.321726470545029564e+00,6.602391972997462055e+00,6.873274187543557900e+00,7.132926336816855617e+00,7.380033305991484660e+00,7.613455583158555307e+00,7.832269671115816401e+00,8.035805906364235085e+00,8.223670990713157991e+00,8.395759465916256659e+00,8.552247762016458310e+00,8.693571756363835945e+00,8.820389737634513949e+00,8.933536991407601491e+00,9.033973464018414390e+00,9.122733651187109771e+00,9.200880549633737360e+00,9.269467316689631531e+00,9.329507822893043922e+00,9.381955999587654915e+00,9.427693011254794087e+00,9.467521093314639202e+00,9.502162063018745997e+00,9.532259503455804861e+00,9.558383084263875062e+00,9.581034457971183471e+00,9.600653170380658352e+00,9.617623667839206192e+00,9.632281117976777551e+00,9.644916690345871402e+00,9.655784635209180067e+00,9.665105315572120048e+00,9.673070360836556247e+00,9.679846196314109363e+00,9.685577547254023756e+00,9.690390770143933352e+00,9.694395958286627035e+00,9.697688809079080485e+00,9.700353454067682790e+00,9.702463237657282136e+00
2.862068965517241548e-01,2.376857073923628882e-01,3.427986095154937907e-01,4.663083264552268514e-01,6.077326833884899582e-01,7.665258772888666750e-01,9.420817974892338187e-01,1.133736856557784778e+00,1.340772376634141283e+00,1.562415999225035046e+00,1.797842553523839815e+00,2.046173855816093123e+00,2.306477697725735077e+00,2.577766268067573030e+00,2.858993287156843532e+00,3.149051208116453449e+00,3.446767657107971505e+00,3.750901840538633625e+00,4.060141262156697017e+00,4.373098866081816638e+00,4.688312061558044697e+00,5.004243137770140848e+00,5.319282518708790874e+00,5.631756512262386494e+00,5.939939429819096617e+00,6.242072048376409832e+00,6.536387136300424672e+00,6.821143355240297801e+00,7.094665555937005763e+00,7.355394052775038993e+00,7.601937144728315054e+00,7.833125101816630576e+00,8.048060089511917425e+00,8.246155787980098850e+00,8.427160982872793582e+00,8.591163388222900821e+00,8.738569801707177120e+00,8.870068048991454290e+00,8.986571872314236487e+00,9.089157867141235414e+00,9.179001328231228385e+00,9.257317255334822192e+00,9.325311012935086907e+00,9.384140768518076214e+00,9.434891306895748286e+00,9.478558754914240936e+00,9.516043293550373150e+00,9.548148434017214470e+00,9.575584470639348922e+00,9.598974708323693150e+00,9.618862843901837323e+00,9.635721685924517388e+00,9.649960081021472291e+00,9.661932149078412024e+00,9.671943002805658551e+00,9.680256093035072951e+00,9.687098326765607226e+00,9.692665412509480660e+00,9.697126488695912983e+00,9.700627168118392873e+00,9.703293132185274672e+00,9.705234591711564107e+00,nan,nan,nan,nan
2.965517241379310720e-01,2.467737775115185217e-01,3.558939274105071826e-01,4.841030681338624464e-01,6.308963160226532807e-01,7.957021543045289524e-01,9.778858181189226118e-01,1.176752133681427726e+00,1.391547664553620223e+00,1.621462028888249307e+00,1.865628235898324050e+00,2.123122135084646533e+00,2.392960659583236449e+00,2.674099436916296479e+00,2.965429292667423944e+00,3.265772187265501003e+00,3.573876662645705693e+00,3.888413117685106890e+00,4.207969403339251180e+00,4.531046865122783984e+00,4.856058729495860149e+00,5.181329834138638901e+00,5.505100518739069138e+00,5.825535234027582554e+00,6.140737686315230093e+00,6.448772827299400490e+00,6.747699469175945097e+00,7.035612232759824280e+00,7.310693737263751935e+00,7.571275369468979832e+00,7.815903862441004435e+00,8.043406929275402462e+00,8.252951538440171930e+00,8.444085879643248305e+00,8.616757451832734560e+00,8.771303425222280126e+00,8.908412183248136884e+00,9.029061665094557654e+00,9.134443502087858491e+00,9.225882202262587484e+00,9.304759896742266889e+00,9.372452351255018854e+00,9.430280872131868719e+00,9.479478808688130087e+00,9.521172513198802534e+00,9.556372908056623316e+00,9.585975354561377060e+00,9.610764788163885797e+00,9.631423915356226217e+00,9.648543360312647366e+00,9.662631342542647772e+00,9.674124690424473982e+00,9.683397332000394542e+00,9.690769099463548031e+00,9.696514114491357361e+00,9.700866151974468110e+00,9.704025503475609327e+00,9.706163706248604583e+00,nan,nan,nan,nan,nan,nan,nan,nan
3.068965517241379892e-01,2.559173562156027426e-01,3.690678898401212327e-01,5.020025499964519966e-01,6.541931131102521890e-01,8.250416574651593393e-01,1.013883976052216251e+00,1.219992375451318001e+00,1.442577661778890796e+00,1.680790165290370730e+00,1.933719632174508263e+00,2.200394119733322995e+00,2.479777544502024256e+00,2.770766454331308637e+00,3.072185300710315037e+00,3.382781500239462336e+00,3.701219519457849216e+00,4.026074755932763871e+00,4.355827771839370754e+00,4.688859597322765360e+00,5.023448295498939231e+00,5.357768957601101611e+00,5.689897728257178322e+00,6.017821817393634198e+00,6.339457816445690952e+00,6.652679629684315366e+00,6.955358664574783134e+00,7.245417012958373704e+00,7.520893587934561531e+00,7.780020921628496566e+00,8.021307499329784818e+00,8.243616212511943431e+00,8.446230953379894046e+00,8.628895804728028196e+00,8.791821681243305875e+00,8.935654836487438857e+00,9.061411480052010248e+00,9.170388515655270467e+00,9.264064031752418771e+00,9.344001265418746982e+00,9.411766297598900266e+00,9.468864887171172029e+00,9.516699716878578741e+00,9.556545768266170526e+00,9.589540335294936213e+00,9.616683192164774852e+00,9.638843749475983103e+00,9.656771819546545288e+00,9.671110139130412620e+00,9.682407458734978434e+00,9.691130527510898318e+00,9.697676064977963861e+00,9.702380336816398554e+00,9.705528987576062860e+00,nan,nan,nan,nan,nan,nan,nan,nan,nan,nan,nan,nan
3.172413793103449065e-01,2.651188490848861434e-01,3.823238874762150963e-01,5.200112556339165915e-01,6.776287415750372745e-01,8.545513124584551701e-01,1.050084372099999275e+00,1.263466887874273858e+00,1.493872703425145998e+00,1.740411613453773709e+00,2.002128569820129211e+00,2.278001936728675236e+00,2.566940337045601428e+00,2.867778229477573326e+00,3.179270305959113418e+00,3.500085016406053295e+00,3.828797199480359570e+00,4.163880624634050065e+00,4.503700547700951518e+00,4.846507468175223821e+00,5.190432763753626944e+00,5.533488253232672349e+00,5.873569807179306324e+00,6.208471036707044810e+00,6.535904003974946086e+00,6.853534860016853969e+00,7.159034742918230165e+00,7.450146275971611054e+00,7.724768328968964148e+00,7.981051700672280980e+00,8.217500246302398281e+00,8.433063633023285988e+00,8.627207003887184200e+00,8.799942471945122691e+00,8.951813733317374400e+00,9.083832993643852660e+00,9.197380814050935882e+00,9.294086234690778880e+00,9.375704862036741360e+00,9.444013359746522340e+00,9.500725977317101112e+00,9.547439055948766296e+00,9.585598451475714654e+00,9.616486808943724540e+00,9.641223802685562561e+00,9.660775771060862382e+00,9.675969094514153213e+00,9.687506022225484514e+00,9.695980929391105008e+00,9.701895145809016796e+00,9.705670493010881472e+00,nan,nan,nan,nan,nan,nan,nan,nan,nan,nan,nan,nan,nan,nan,nan
3.275862068965517682e-01,2.743807154885956612e-01,3.956653851688204937e-01,5.381337699514804340e-01,7.012089715725079442e-01,8.842380338497778380e-01,1.086495266576746666e+00,1.307185051544059728e+00,1.545443294132027967e+00,1.800337787892688057e+00,2.070867048592647475e+00,2.355957800555648962e+00,2.654460824624141679e+00,2.965145518514717526e+00,3.286692975097665670e+00,3.617687856310811689e+00,3.956609702771003434e+00,4.301823173455933791e+00,4.651569338355042049e+00,5.003957372066246023e+00,5.356959117409528126e+00,5.708407708006046022e+00,6.056002709593562905e+00,6.397324703547291769e+00,6.729862796226455224e+00,7.051058662121991283e+00,7.358370382336492099e+00,7.649358060484007460e+00,7.921789961725191453e+00,8.173762406955336957e+00,8.403821828877353184e+00,8.611069942277037370e+00,8.795231282267913286e+00,8.956665964523372381e+00,9.096319122204981511e+00,9.215616435321431155e+00,9.316323091139919299e+00,9.400393031876413730e+00,9.469832880061417768e+00,9.526591617683662250e+00,9.572487401128189077e+00,9.609163558350097389e+00,9.638071240545114549e+00,9.660469541339445243e+00,9.677436873165309095e+00,9.689888180159101694e+00,9.698594630078527956e+00,9.704202941736475907e+00,nan,nan,nan,nan,nan,nan,nan,nan,nan,nan,nan,nan,nan,nan,nan,nan,nan,nan
3.379310344827586299e-01,2.837054706615278477e-01,4.090959249333206427e-01,5.563747757913449776e-01,7.249397407434994278e-01,9.141090784776639833e-01,1.123125065531655586e+00,1.351156533149049821e+00,1.597300146021162215e+00,1.860580259459959862e+00,2.139947226954928894e+00,2.434273971931820046e+00,2.742350838421275139e+00,3.062878919884881146e+00,3.394461565684638860e+00,3.735594684249734510e+00,4.084655864106420786e+00,4.439893050252975648e+00,4.799413226838184166e+00,5.161172434814655929e+00,5.522968789809817203e+00,5.882440505577746670e+00,6.237071507327420328e+00,6.584209846446261949e+00,6.921101617201381728e+00,7.244946676665698249e+00,7.552979790275192506e+00,7.842579384836048995e+00,8.111401485306142689e+00,8.357527889870477011e+00,8.579610280174911452e+00,8.776984024161880171e+00,8.949722327228945673e+00,9.098615561394295170e+00,9.225072020430033604e+00,9.330961113831612863e+00,9.418430787267771720e+00,9.489732634686548707e+00,9.547078494504082968e+00,9.592540281506506616e+00,9.627990411608029930e+00,9.655076813809653657e+00,9.675221661144263408e+00,9.689634720899336529e+00,9.699334584899425238e+00,9.705172852853303667e+00,nan,nan,nan,nan,nan,nan,nan,nan,nan,nan,nan,nan,nan,nan,nan,nan,nan,nan,nan,nan
3.482758620689655471e-01,2.930956892090070820e-01,4.226191299707568461e-01,5.747390600129882454e-01,7.488270425965433130e-01,9.441717385138426177e-01,1.159982358197307661e+00,1.395391094654811370e+00,1.649454066193846602e+00,1.921150694902630018e+00,2.209381299054877346e+00,2.512962735441691908e+00,2.830622167948310342e+00,3.160988845499797417e+00,3.502583993225473424e+00,3.853809235644981790e+00,4.212933417409804093e+00,4.578079109358407450e+00,4.947208486502622016e+00,5.318111688928173209e+00,5.688397494530153864e+00,6.055490735985124218e+00,6.416639592078039023e+00,6.768937658348842312e+00,7.109367162057771417e+00,7.434869156914412081e+00,7.742447608686537031e+00,8.029306950177751645e+00,8.293020635928327167e+00,8.531711600653435923e+00,8.744217434798393640e+00,8.930204228044800630e+00,9.090189883761313538e+00,9.225473337352084968e+00,9.337970833165233131e+00,9.430002538019692793e+00,9.504072990787591380e+00,9.562683409091862430e+00,9.608194667825083357e+00,9.642745529659361381e+00,9.668214866238580285e+00,9.686217185442945521e+00,9.698117630924359744e+00,9.705057265166427527e+00,nan,nan,nan,nan,nan,nan,nan,nan,nan,nan,nan,nan,nan,nan,nan,nan,nan,nan,nan,nan,nan,nan
3.586206896551724643e-01,3.025540077860843780e-01,4.362387087716538270e-01,5.932315187461871808e-01,7.728770500349005923e-01,9.744334533061901338e-01,1.197075878424862738e+00,1.439898687245047215e+00,1.701916092966046179e+00,1.982060967698545006e+00,2.279181642067965363e+00,2.592036539453644206e+00,2.919286603595280027e+00,3.259485505374402958e+00,3.611067700090492938e+00,3.972334577341928075e+00,4.341438750775696853e+00,4.716367998521654670e+00,5.094928386139310206e+00,5.474729615131238347e+00,5.853174062465975602e+00,6.227453387020722708e+00,6.594557513715797015e+00,6.951302214160102189e+00,7.294383895669310114e+00,7.620469442280797701e+00,7.926328357307830252e+00,8.209008462590112742e+00,8.466045199683943423e+00,8.695677250783637291e+00,8.897027961045248290e+00,9.070201428284507372e+00,9.216258780116771021e+00,9.337071089948370428e+00,9.435083118499074217e+00,9.513044909083459899e+00,9.573768115505769671e+00,9.619940663407742676e+00,9.654009918740813490e+00,9.678126889958386769e+00,9.694134308205697437e+00,9.703582237120491172e+00,nan,nan,nan,nan,nan,nan,nan,nan,nan,nan,nan,nan,nan,nan,nan,nan,nan,nan,nan,nan,nan,nan,nan,nan
3.689655172413793816e-01,3.120831283543599177e-01,4.499584592304257669e-01,6.118571623565023376e-01,7.970960631063036539e-01,1.004901859764438798e+00,1.234414551902537349e+00,1.484689454028090827e+00,1.754697426419758566e+00,2.043323105622704805e+00,2.349360747257099646e+00,2.671507789252279608e+00,3.008355792854849220e+00,3.358378875724398416e+00,3.719919646566686389e+00,4.091172802913107809e+00,4.470166853708560595e+00,4.854744471132632633e+00,5.242542851221219991e+00,5.630975786027685004e+00,6.017220492804671750e+00,6.398213472106143662e+00,6.770661878974189030e+00,7.131078723938331088e+00,7.475852464712009926e+00,7.801362220391744984e+00,8.104146669207411335e+00,8.381126639223859698e+00,8.629862051724105143e+00,8.848803575231231733e+00,9.037477190513476089e+00,9.196541686909409208e+00,9.327687478608625682e+00,9.433398564751136917e+00,9.516637494206669601e+00,9.580537262134683374e+00,9.628147546344576924e+00,9.662272155541542062e+00,9.685382893177097330e+00,9.699594482794372752e+00,9.706678837884499700e+00,nan,nan,nan,nan,nan,nan,nan,nan,nan,nan,nan,nan,nan,nan,nan,nan,nan,nan,nan,nan,nan,nan,nan,nan,nan
3.793103448275862988e-01,3.216858211915624155e-01,4.637822731521732966e-01,6.306211214288891531e-01,8.214905353318847636e-01,1.035584740809330606e+00,1.272007484019983314e+00,1.529773727499640357e+00,1.807809476959139072e+00,2.104949306320595070e+00,2.419931227434999776e+00,2.751388985066955950e+00,3.097841372736631627e+00,3.457678683566281830e+00,3.829146252086935487e+00,4.210325242021177417e+00,4.599111124495454561e+00,4.993190702137375148e+00,5.390018214288581966e+00,5.786794470909986998e+00,6.180450989351708557e+00,6.567644832741986960e+00,6.944774034050511524e+00,7.308022270712611679e+00,7.653448136510530908e+00,7.977133228731645431e+00,8.275398553359382348e+00,8.545083455088160918e+00,8.783857563161474147e+00,8.990501864940192434e+00,9.165075995209695847e+00,9.308906285789424473e+00,9.424379521654460135e+00,9.514599656090995339e+00,9.583006360224183950e+00,9.633041272523646725e+00,9.667914644805371438e+00,9.690474797605070023e+00,9.703161704041031399e+00,nan,nan,nan,nan,nan,nan,nan,nan,nan,nan,nan,nan,nan,nan,nan,nan,nan,nan,nan,nan,nan,nan,nan,nan,nan,nan,nan
3.896551724137931050e-01,3.313649284842474230e-01,4.777141417938337575e-01,6.495286525381991360e-01,8.460670387800033332e-01,1.066490059843940852e+00,1.309863973952029470e+00,1.575162051866844104e+00,1.861263844706954940e+00,2.166951894945602142e+00,2.490905828098160413e+00,2.831692711346894153e+00,3.187754878627205191e+00,3.557394376631828781e+00,3.938753365993286515e+00,4.329792105200226615e+00,4.728263561889509248e+00,5.131686328136934705e+00,5.537316889609254389e+00,5.942124276651064463e+00,6.342771346059348225e+00,6.735609751437156234e+00,7.116699071639734697e+00,7.481866346583769811e+00,7.826819506731846232e+00,8.147339092992480047e+00,8.439553779291010471e+00,8.700288336678118739e+00,8.927431976290574056e+00,9.120235179048151508e+00,9.279429486639697799e+00,9.407106721311730979e+00,9.506384531568711438e+00,9.580958730535664714e+00,9.634673299691332460e+00,9.671192357263683093e+00,9.693804138900137701e+00,9.705336570345837188e+00,nan,nan,nan,nan,nan,nan,nan,nan,nan,nan,nan,nan,nan,nan,nan,nan,nan,nan,nan,nan,nan,nan,nan,nan,nan,nan,nan,nan
4.000000000000000222e-01,nan,nan,nan,nan,nan,nan,nan,nan,nan,nan,nan,nan,nan,nan,nan,nan,nan,nan,nan,nan,nan,nan,nan,nan,nan,nan,nan,nan,nan,nan,nan,nan,nan,nan,nan,nan,nan,nan,nan,nan,nan,nan,nan,nan,nan,nan,nan,nan,nan,nan,nan,nan,nan,nan,nan,nan,nan,nan,nan,nan,nan,nan,nan,nan,nan
