0.000000,0.500000,0.601190,0.702381,0.803571,0.904762,1.005952,1.107143,1.208333,1.309524,1.410714,1.511905,1.613095,1.714286,1.815476,1.916667,2.017857,2.119048,2.220238,2.321429,2.422619,2.523810,2.625000,2.726190,2.827381,2.928571,3.029762,3.130952,3.232143,3.333333,3.434524,3.535714,3.636905,3.738095,3.839286,3.940476,4.041667,4.142857,4.244048,4.345238,4.446429,4.547619,4.648810,4.750000,4.851190,4.952381,5.053571,5.154762,5.255952,5.357143,5.458333,5.559524,5.660714,5.761905,5.863095,5.964286,6.065476,6.166667,6.267857,6.369048,6.470238,6.571429,6.672619,6.773810,6.875000,6.976190,7.077381,7.178571,7.279762,7.380952,7.482143,7.583333,7.684524,7.785714,7.886905,7.988095,8.089286,8.190476,8.291667,8.392857,8.494048,8.595238,8.696429,8.797619,8.898810,9.000000
0.000000,0.000000,0.000000,0.000000,0.000000,0.000000,0.000000,0.000000,0.000000,0.000000,0.000000,0.000000,0.000000,0.000000,0.000000,0.000000,0.000000,0.000000,0.000000,0.000000,0.000000,0.000000,0.000000,0.000000,0.000000,0.000000,0.000000,0.000000,0.000000,0.000000,0.000000,0.000000,0.000000,0.000000,0.000000,0.000000,0.000000,0.000000,0.000000,0.000000,0.000000,0.000000,0.000000,0.000000,0.000000,0.000000,0.000000,0.000000,0.000000,0.000000,0.000000,0.000000,0.000000,0.000000,0.000000,0.000000,0.000000,0.000000,0.000000,0.000000,0.000000,0.000000,0.000000,0.000000,0.000000,0.000000,0.000000,0.000000,0.000000,0.000000,0.000000,0.000000,0.000000,0.000000,0.000000,0.000000,0.000000,0.000000,0.000000,0.000000,0.000000,0.000000,0.000000,0.000000,0.000000,0.000000
0.002000,0.001957,0.002822,0.003840,0.005009,0.006324,0.007783,0.009382,0.011116,0.012981,0.014972,0.017083,0.019311,0.021648,0.024090,0.026632,0.029267,0.031989,0.034793,0.037673,0.040622,0.043637,0.046709,0.049835,0.053009,0.056224,0.059255,0.061732,0.064153,0.066510,0.068800,0.071018,0.073158,0.075218,0.077193,0.079081,0.080877,0.082581,0.084189,0.085700,0.087113,0.089090,0.091777,0.094445,0.097094,0.099721,0.102325,0.104905,0.107460,0.109989,0.112490,0.114266,0.115485,0.116626,0.117689,0.118675,0.119629,0.121756,0.123853,0.125919,0.127955,0.129959,0.131932,0.133874,0.135785,0.137666,0.139515,0.141335,0.143124,0.144883,0.146613,0.148313,0.149984,0.151626,0.153239,0.154824,0.156382,0.157912,0.159415,0.160891,0.162341,0.163765,0.165163,0.166537,0.167885,0.169210
0.004000,0.003914,0.005644,0.007680,0.010017,0.012648,0.015567,0.018764,0.022232,0.025962,0.029943,0.034166,0.038621,0.043296,0.048181,0.053264,0.058533,0.063978,0.069586,0.075345,0.081245,0.087273,0.093419,0.099670,0.106017,0.112448,0.118510,0.123465,0.128305,0.133021,0.137601,0.142036,0.146317,0.150436,0.154386,0.158161,0.161755,0.165162,0.168379,0.171401,0.174225,0.178180,0.183554,0.188891,0.194188,0.199442,0.204650,0.209810,0.214920,0.219977,0.224980,0.228532,0.230970,0.233252,0.235378,0.237350,0.239258,0.243513,0.247707,0.251839,0.255909,0.259917,0.263863,0.267748,0.271570,0.275331,0.279031,0.282670,0.286248,0.289766,0.293225,0.296625,0.299967,0.303251,0.306478,0.309649,0.312763,0.315824,0.318829,0.321782,0.324682,0.327530,0.330327,0.333073,0.335771,0.338419
0.006000,0.005871,0.008466,0.011520,0.015026,0.018973,0.023350,0.028146,0.033348,0.038942,0.044915,0.051249,0.057932,0.064944,0.072271,0.079896,0.087800,0.095966,0.104378,0.113018,0.121867,0.130910,0.140128,0.149506,0.159026,0.168672,0.177765,0.185197,0.192458,0.199531,0.206401,0.213053,0.219475,0.225654,0.231579,0.237242,0.242632,0.247743,0.252568,0.257101,0.261338,0.267270,0.275331,0.283336,0.291282,0.299163,0.306975,0.314715,0.322380,0.329966,0.337470,0.342798,0.346455,0.349878,0.353067,0.356025,0.358887,0.365269,0.371560,0.377758,0.383864,0.389876,0.395795,0.401622,0.407355,0.412997,0.418546,0.424005,0.429372,0.434650,0.439838,0.444938,0.449951,0.454877,0.459717,0.464473,0.469145,0.473735,0.478244,0.482673,0.487023,0.491295,0.495490,0.499610,0.503656,0.507629
0.008000,0.007828,0.011288,0.015361,0.020034,0.025297,0.031133,0.037528,0.044464,0.051923,0.059886,0.068333,0.077242,0.086592,0.096362,0.106527,0.117066,0.127955,0.139171,0.150690,0.162490,0.174546,0.186838,0.199341,0.212034,0.224896,0.237020,0.246930,0.256611,0.266042,0.275202,0.284071,0.292633,0.300872,0.308772,0.316322,0.323509,0.330324,0.336757,0.342802,0.348450,0.356360,0.367108,0.377782,0.388376,0.398884,0.409300,0.419621,0.429840,0.439955,0.449960,0.457064,0.461940,0.466504,0.470756,0.474700,0.478515,0.487026,0.495413,0.503678,0.511818,0.519834,0.527727,0.535495,0.543140,0.550662,0.558062,0.565339,0.572496,0.579533,0.586451,0.593251,0.599934,0.606502,0.612956,0.619297,0.625527,0.631647,0.637659,0.643564,0.649363,0.655060,0.660653,0.666147,0.671542,0.676839
0.010000,0.009785,0.014110,0.019201,0.025043,0.031621,0.038917,0.046910,0.055580,0.064904,0.074858,0.085416,0.096553,0.108241,0.120452,0.133159,0.146333,0.159944,0.173964,0.188363,0.203112,0.218183,0.233547,0.249176,0.265043,0.281120,0.296275,0.308662,0.320764,0.332552,0.344002,0.355089,0.365792,0.376090,0.385966,0.395403,0.404387,0.412905,0.420947,0.428502,0.435563,0.445450,0.458884,0.472227,0.485469,0.498605,0.511625,0.524526,0.537300,0.549943,0.562451,0.571329,0.577425,0.583130,0.588445,0.593374,0.598144,0.608782,0.619267,0.629597,0.639773,0.649793,0.659659,0.669369,0.678925,0.688328,0.697577,0.706674,0.715620,0.724416,0.733064,0.741563,0.749918,0.758128,0.766195,0.774121,0.781909,0.789559,0.797073,0.804455,0.811704,0.818824,0.825817,0.832684,0.839427,0.846049
0.012000,0.011742,0.016932,0.023041,0.030052,0.037945,0.046700,0.056292,0.066696,0.077885,0.089829,0.102499,0.115863,0.129889,0.144543,0.159791,0.175600,0.191933,0.208757,0.226035,0.243735,0.261820,0.280257,0.299011,0.318052,0.337345,0.355530,0.370394,0.384916,0.399063,0.412802,0.426107,0.438950,0.451308,0.463159,0.474483,0.485264,0.495486,0.505136,0.514202,0.522675,0.534540,0.550661,0.566672,0.582563,0.598325,0.613950,0.629431,0.644760,0.659932,0.674941,0.685595,0.692910,0.699756,0.706135,0.712049,0.717773,0.730539,0.743120,0.755516,0.767727,0.779752,0.791590,0.803243,0.814711,0.825993,0.837093,0.848009,0.858744,0.869299,0.879676,0.889876,0.899901,0.909753,0.919434,0.928946,0.938290,0.947471,0.956488,0.965346,0.974045,0.982589,0.990980,0.999220,1.007312,1.015258
0.014000,0.013699,0.019754,0.026881,0.035060,0.044270,0.054483,0.065674,0.077812,0.090865,0.104801,0.119582,0.135174,0.151537,0.168633,0.186423,0.204866,0.223922,0.243549,0.263708,0.284357,0.305456,0.326966,0.348847,0.371060,0.393569,0.414785,0.432127,0.449069,0.465573,0.481603,0.497125,0.512108,0.526526,0.540352,0.553564,0.566141,0.578067,0.589325,0.599903,0.609788,0.623630,0.642438,0.661118,0.679657,0.698046,0.716275,0.734336,0.752220,0.769920,0.787431,0.799861,0.808395,0.816382,0.823824,0.830724,0.837402,0.852295,0.866973,0.881436,0.895682,0.909710,0.923522,0.937117,0.950496,0.963659,0.976608,0.989344,1.001868,1.014183,1.026289,1.038189,1.049885,1.061379,1.072673,1.083770,1.094672,1.105382,1.115903,1.126237,1.136386,1.146354,1.156144,1.165757,1.175198,1.184468
0.016000,0.015656,0.022576,0.030721,0.040069,0.050594,0.062267,0.075056,0.088928,0.103846,0.119772,0.136665,0.154484,0.173185,0.192724,0.213055,0.234133,0.255911,0.278342,0.301381,0.324980,0.349093,0.373675,0.398682,0.424069,0.449793,0.474040,0.493859,0.513222,0.532084,0.550403,0.568143,0.585267,0.601744,0.617545,0.632644,0.647019,0.660648,0.673515,0.685603,0.696900,0.712720,0.734215,0.755563,0.776751,0.797767,0.818601,0.839241,0.859680,0.879909,0.899921,0.914127,0.923880,0.933008,0.941513,0.949399,0.957031,0.974052,0.990827,1.007355,1.023636,1.039669,1.055454,1.070991,1.086281,1.101325,1.116124,1.130679,1.144992,1.159066,1.172902,1.186502,1.199868,1.213004,1.225912,1.238594,1.251054,1.263294,1.275318,1.287127,1.298727,1.310119,1.321307,1.332294,1.343083,1.353678
0.018000,0.017613,0.025398,0.034561,0.045078,0.056918,0.070050,0.084438,0.100044,0.116827,0.134744,0.153748,0.173795,0.194833,0.216814,0.239687,0.263399,0.287899,0.313135,0.339053,0.365602,0.392730,0.420385,0.448517,0.477077,0.506017,0.533295,0.555592,0.577375,0.598594,0.619204,0.639160,0.658425,0.676962,0.694738,0.711725,0.727896,0.743229,0.757704,0.771303,0.784013,0.801810,0.825992,0.850009,0.873845,0.897488,0.920926,0.944146,0.967140,0.989898,1.012411,1.028393,1.039366,1.049634,1.059202,1.068074,1.076660,1.095808,1.114680,1.133275,1.151591,1.169627,1.187385,1.204865,1.222066,1.238990,1.255639,1.272014,1.288116,1.303949,1.319514,1.334814,1.349852,1.364630,1.379151,1.393418,1.407436,1.421206,1.434732,1.448018,1.461068,1.473884,1.486470,1.498831,1.510969,1.522888
0.020000,0.019570,0.028220,0.038401,0.050086,0.063242,0.077833,0.093820,0.111160,0.129808,0.149715,0.170832,0.193105,0.216481,0.240905,0.266319,0.292666,0.319888,0.347928,0.376726,0.406224,0.436366,0.467094,0.498352,0.530086,0.562241,0.592550,0.617324,0.641527,0.665105,0.688004,0.710178,0.731583,0.752180,0.771931,0.790805,0.808773,0.825810,0.841893,0.857004,0.871126,0.890900,0.917769,0.944454,0.970939,0.997209,1.023251,1.049051,1.074600,1.099886,1.124901,1.142659,1.154851,1.166260,1.176891,1.186749,1.196289,1.217565,1.238534,1.259194,1.279545,1.299586,1.319317,1.338738,1.357851,1.376656,1.395154,1.413349,1.431241,1.448832,1.466127,1.483127,1.499835,1.516255,1.532390,1.548243,1.563817,1.579118,1.594147,1.608909,1.623409,1.637649,1.651634,1.665367,1.678854,1.692097
0.022000,0.021527,0.031042,0.042241,0.055095,0.069566,0.085617,0.103202,0.122276,0.142789,0.164687,0.187915,0.212416,0.238129,0.264995,0.292950,0.321932,0.351877,0.382720,0.414398,0.446847,0.480003,0.513804,0.548188,0.583094,0.618465,0.651805,0.679056,0.705680,0.731615,0.756805,0.781196,0.804742,0.827398,0.849124,0.869886,0.889651,0.908391,0.926083,0.942704,0.958238,0.979990,1.009546,1.038899,1.068033,1.096930,1.125576,1.153957,1.182060,1.209875,1.237391,1.256925,1.270336,1.282886,1.294580,1.305424,1.315918,1.339321,1.362387,1.385113,1.407500,1.429545,1.451249,1.472612,1.493636,1.514321,1.534670,1.554683,1.574365,1.593716,1.612740,1.631440,1.649819,1.667881,1.685629,1.703067,1.720199,1.737029,1.753562,1.769800,1.785749,1.801414,1.816797,1.831904,1.846739,1.861307
0.024000,0.023484,0.033864,0.046082,0.060103,0.075891,0.093400,0.112584,0.133392,0.155769,0.179658,0.204998,0.231726,0.259777,0.289085,0.319582,0.351199,0.383866,0.417513,0.452071,0.487469,0.523639,0.560513,0.598023,0.636103,0.674689,0.711060,0.740789,0.769833,0.798126,0.825605,0.852214,0.877900,0.902616,0.926317,0.948966,0.970528,0.990972,1.010272,1.028405,1.045351,1.069080,1.101323,1.133345,1.165127,1.196651,1.227901,1.258862,1.289520,1.319864,1.349881,1.371191,1.385821,1.399512,1.412269,1.424099,1.435546,1.461077,1.486240,1.511033,1.535454,1.559503,1.583181,1.606486,1.629421,1.651987,1.674185,1.696018,1.717489,1.738599,1.759352,1.779752,1.799802,1.819506,1.838868,1.857891,1.876581,1.894941,1.912976,1.930691,1.948090,1.965179,1.981960,1.998441,2.014625,2.030517
0.026000,0.025441,0.036686,0.049922,0.065112,0.082215,0.101183,0.121966,0.144508,0.168750,0.194630,0.222081,0.251037,0.281426,0.313176,0.346214,0.380466,0.415855,0.452306,0.489743,0.528092,0.567276,0.607222,0.647858,0.689112,0.730913,0.770315,0.802521,0.833986,0.864636,0.894405,0.923232,0.951058,0.977834,1.003510,1.028047,1.051406,1.073553,1.094461,1.114105,1.132463,1.158170,1.193099,1.227790,1.262221,1.296372,1.330226,1.363767,1.396980,1.429852,1.462372,1.485457,1.501306,1.516138,1.529958,1.542774,1.555175,1.582834,1.610094,1.636952,1.663409,1.689462,1.715112,1.740360,1.765206,1.789653,1.813701,1.837353,1.860613,1.883482,1.905965,1.928065,1.949786,1.971132,1.992107,2.012715,2.032963,2.052853,2.072391,2.091582,2.110431,2.128943,2.147124,2.164978,2.182510,2.199727
0.028000,0.027398,0.039508,0.053762,0.070121,0.088539,0.108967,0.131348,0.155624,0.181731,0.209601,0.239164,0.270347,0.303074,0.337266,0.372846,0.409732,0.447844,0.487099,0.527416,0.568714,0.610913,0.653932,0.697693,0.742120,0.787137,0.829570,0.864254,0.898138,0.931146,0.963206,0.994250,1.024217,1.053052,1.080704,1.107127,1.132283,1.156134,1.178651,1.199805,1.219576,1.247260,1.284876,1.322236,1.359315,1.396093,1.432551,1.468672,1.504440,1.539841,1.574862,1.599723,1.616791,1.632764,1.647647,1.661448,1.674804,1.704590,1.733947,1.762872,1.791363,1.819420,1.847044,1.874234,1.900991,1.927318,1.953216,1.978688,2.003737,2.028365,2.052578,2.076378,2.099769,2.122757,2.145346,2.167540,2.189344,2.210765,2.231806,2.252473,2.272772,2.292708,2.312287,2.331514,2.350396,2.368936
0.030000,0.029355,0.042330,0.057602,0.075129,0.094863,0.116750,0.140730,0.166740,0.194712,0.224573,0.256247,0.289658,0.324722,0.361357,0.399478,0.438999,0.479832,0.521892,0.565089,0.609337,0.654549,0.700641,0.747529,0.795129,0.843361,0.888825,0.925986,0.962291,0.997657,1.032006,1.065267,1.097375,1.128270,1.157897,1.186208,1.213160,1.238715,1.262840,1.285506,1.306688,1.336350,1.376653,1.416681,1.456408,1.495814,1.534876,1.573577,1.611900,1.649829,1.687352,1.713988,1.732276,1.749390,1.765336,1.780123,1.794433,1.826347,1.857800,1.888791,1.919318,1.949379,1.978976,2.008108,2.036776,2.064984,2.092732,2.120023,2.146861,2.173249,2.199191,2.224690,2.249753,2.274383,2.298585,2.322364,2.345726,2.368676,2.391220,2.413364,2.435113,2.456473,2.477451,2.498051,2.518281,2.538146
0.032000,0.031312,0.045152,0.061442,0.080138,0.101188,0.124533,0.150112,0.177856,0.207693,0.239544,0.273331,0.308968,0.346370,0.385447,0.426110,0.468265,0.511821,0.556684,0.602761,0.649959,0.698186,0.747351,0.797364,0.848137,0.899585,0.948080,0.987718,1.026444,1.064167,1.100807,1.136285,1.170533,1.203487,1.235090,1.265288,1.294038,1.321296,1.347029,1.371206,1.393801,1.425440,1.468430,1.511126,1.553502,1.595535,1.637201,1.678482,1.719360,1.759818,1.799842,1.828254,1.847761,1.866016,1.883025,1.898798,1.914062,1.948103,1.981654,2.014710,2.047272,2.079338,2.110907,2.141982,2.172562,2.202649,2.232247,2.261358,2.289985,2.318132,2.345803,2.373003,2.399736,2.426008,2.451824,2.477188,2.502108,2.526588,2.550635,2.574255,2.597454,2.620238,2.642614,2.664588,2.686166,2.707356
0.034000,0.033270,0.047974,0.065282,0.085147,0.107512,0.132317,0.159494,0.188972,0.220673,0.254516,0.290414,0.328279,0.368018,0.409538,0.452742,0.497532,0.543810,0.591477,0.640434,0.690582,0.741823,0.794060,0.847199,0.901146,0.955810,1.007335,1.049451,1.090596,1.130678,1.169607,1.207303,1.243692,1.278705,1.312283,1.344369,1.374915,1.403877,1.431219,1.456906,1.480913,1.514530,1.560207,1.605572,1.650596,1.695255,1.739526,1.783387,1.826820,1.869807,1.912332,1.942520,1.963246,1.982642,2.000714,2.017473,2.033691,2.069860,2.105507,2.140630,2.175227,2.209296,2.242839,2.275855,2.308347,2.340315,2.371763,2.402693,2.433109,2.463015,2.492416,2.521316,2.549720,2.577634,2.605063,2.632012,2.658490,2.684500,2.710050,2.735146,2.759795,2.784003,2.807777,2.831125,2.854052,2.876566
0.036000,0.035227,0.050796,0.069122,0.090155,0.113836,0.140100,0.168876,0.200088,0.233654,0.269487,0.307497,0.347589,0.389666,0.433628,0.479374,0.526799,0.575799,0.626270,0.678106,0.731204,0.785459,0.840770,0.897034,0.954155,1.012034,1.066590,1.111183,1.154749,1.197188,1.238407,1.278321,1.316850,1.353923,1.389476,1.423450,1.455792,1.486458,1.515408,1.542607,1.568026,1.603620,1.651984,1.700017,1.747690,1.794976,1.841851,1.888293,1.934280,1.979795,2.024822,2.056786,2.078731,2.099268,2.118404,2.136148,2.153320,2.191616,2.229360,2.266549,2.303181,2.339255,2.374771,2.409729,2.444132,2.477980,2.511278,2.544028,2.576233,2.607898,2.639029,2.669628,2.699703,2.729259,2.758302,2.786837,2.814871,2.842412,2.869464,2.896037,2.922136,2.947768,2.972941,2.997661,3.021937,3.045775
0.038000,0.037184,0.053618,0.072963,0.095164,0.120160,0.147883,0.178258,0.211204,0.246635,0.284459,0.324580,0.366900,0.411314,0.457719,0.506005,0.556065,0.607788,0.661063,0.715779,0.771826,0.829096,0.887479,0.946870,1.007163,1.068258,1.125845,1.172915,1.218902,1.263699,1.307208,1.349339,1.390008,1.429141,1.466669,1.502530,1.536670,1.569039,1.599597,1.628307,1.655138,1.692710,1.743761,1.794462,1.844784,1.894697,1.944176,1.993198,2.041740,2.089784,2.137312,2.171052,2.194216,2.215894,2.236093,2.254823,2.272949,2.313373,2.353214,2.392469,2.431136,2.469214,2.506702,2.543603,2.579917,2.615646,2.650793,2.685362,2.719357,2.752782,2.785641,2.817941,2.849687,2.880885,2.911540,2.941661,2.971253,3.000323,3.028879,3.056928,3.084476,3.111533,3.138104,3.164198,3.189823,3.214985
0.040000,0.039141,0.056440,0.076803,0.100172,0.126484,0.155667,0.187640,0.222320,0.259616,0.299430,0.341663,0.386210,0.432962,0.481809,0.532637,0.585332,0.639777,0.695855,0.753452,0.812449,0.872732,0.934188,0.996705,1.060172,1.124482,1.185100,1.234648,1.283055,1.330209,1.376008,1.420357,1.463167,1.504359,1.543862,1.581611,1.617547,1.651620,1.683787,1.714008,1.742251,1.781800,1.835538,1.888908,1.941878,1.994418,2.046501,2.098103,2.149200,2.199773,2.249802,2.285318,2.309701,2.332520,2.353782,2.373498,2.392577,2.435129,2.477067,2.518388,2.559090,2.599172,2.638634,2.677477,2.715702,2.753312,2.790309,2.826697,2.862481,2.897665,2.932254,2.966254,2.999670,3.032510,3.064779,3.096485,3.127635,3.158235,3.188294,3.217819,3.246817,3.275298,3.303267,3.330735,3.357708,3.384195
0.042000,0.041098,0.059262,0.080643,0.105181,0.132809,0.163450,0.197022,0.233436,0.272596,0.314402,0.358746,0.405521,0.454610,0.505900,0.559269,0.614598,0.671765,0.730648,0.791124,0.853071,0.916369,0.980898,1.046540,1.113180,1.180706,1.244355,1.296380,1.347207,1.396720,1.444809,1.491374,1.536325,1.579577,1.621055,1.660691,1.698424,1.734201,1.767976,1.799708,1.829364,1.870890,1.927315,1.983353,2.038972,2.094139,2.148826,2.203008,2.256660,2.309761,2.362293,2.399584,2.425186,2.449146,2.471471,2.492173,2.512206,2.556886,2.600920,2.644307,2.687045,2.729131,2.770566,2.811351,2.851487,2.890977,2.929824,2.968032,3.005605,3.042548,3.078867,3.114567,3.149654,3.184136,3.218018,3.251310,3.284016,3.316147,3.347709,3.378710,3.409158,3.439062,3.468431,3.497272,3.525593,3.553405
0.044000,0.043055,0.062084,0.084483,0.110190,0.139133,0.171233,0.206404,0.244552,0.285577,0.329373,0.375830,0.424831,0.476259,0.529990,0.585901,0.643865,0.703754,0.765441,0.828797,0.893694,0.960006,1.027607,1.096375,1.166189,1.236930,1.303610,1.358113,1.411360,1.463230,1.513609,1.562392,1.609483,1.654795,1.698248,1.739772,1.779302,1.816783,1.852165,1.885408,1.916476,1.959979,2.019091,2.077799,2.136066,2.193860,2.251151,2.307913,2.364120,2.419750,2.474783,2.513850,2.540671,2.565772,2.589160,2.610848,2.631835,2.678642,2.724774,2.770227,2.814999,2.859089,2.902498,2.945225,2.987272,3.028643,3.069340,3.109367,3.148729,3.187431,3.225479,3.262879,3.299638,3.335761,3.371257,3.406134,3.440398,3.474059,3.507123,3.539601,3.571499,3.602827,3.633594,3.663808,3.693479,3.722614
0.046000,0.045012,0.064906,0.088323,0.115198,0.145457,0.179017,0.215786,0.255668,0.298558,0.344345,0.392913,0.444142,0.497907,0.554081,0.612533,0.673132,0.735743,0.800234,0.866469,0.934316,1.003642,1.074317,1.146211,1.219197,1.293154,1.362866,1.419845,1.475513,1.529741,1.582410,1.633410,1.682642,1.730013,1.775442,1.818852,1.860179,1.899364,1.936355,1.971109,2.003589,2.049069,2.110868,2.172244,2.233160,2.293581,2.353477,2.412818,2.471580,2.529739,2.587273,2.628116,2.656156,2.682398,2.706849,2.729523,2.751464,2.800399,2.848627,2.896146,2.942954,2.989048,3.034429,3.079098,3.123057,3.166308,3.208855,3.250702,3.291853,3.332315,3.372092,3.411192,3.449621,3.487387,3.524496,3.560958,3.596780,3.631970,3.666538,3.700491,3.733840,3.766592,3.798758,3.830345,3.861364,3.891824
0.048000,0.046969,0.067728,0.092163,0.120207,0.151781,0.186800,0.225168,0.266784,0.311539,0.359316,0.409996,0.463452,0.519555,0.578171,0.639165,0.702398,0.767732,0.835026,0.904142,0.974939,1.047279,1.121026,1.196046,1.272206,1.349378,1.422121,1.481577,1.539666,1.596251,1.651210,1.704428,1.755800,1.805231,1.852635,1.897933,1.941056,1.981945,2.020544,2.056809,2.090701,2.138159,2.202645,2.266689,2.330253,2.393302,2.455802,2.517723,2.579040,2.639727,2.699763,2.742382,2.771641,2.799023,2.824538,2.848197,2.871093,2.922155,2.972480,3.022066,3.070908,3.119007,3.166361,3.212972,3.258842,3.303974,3.348371,3.392037,3.434977,3.477198,3.518705,3.559505,3.599605,3.639012,3.677735,3.715782,3.753162,3.789882,3.825953,3.861382,3.896181,3.930357,3.963921,3.996882,4.029250,4.061034
0.050000,0.048926,0.070550,0.096003,0.125216,0.158106,0.194583,0.234550,0.277900,0.324520,0.374288,0.427079,0.482763,0.541203,0.602261,0.665797,0.731665,0.799721,0.869819,0.941814,1.015561,1.090916,1.167736,1.245881,1.325215,1.405602,1.481376,1.543310,1.603818,1.662762,1.720010,1.775446,1.828959,1.880449,1.929828,1.977013,2.021934,2.064526,2.104733,2.142510,2.177814,2.227249,2.294422,2.361135,2.427347,2.493023,2.558127,2.622629,2.686500,2.749716,2.812253,2.856647,2.887126,2.915649,2.942227,2.966872,2.990722,3.043911,3.096334,3.147985,3.198863,3.248965,3.298293,3.346846,3.394627,3.441640,3.487886,3.533372,3.578101,3.622081,3.665318,3.707817,3.749588,3.790638,3.830974,3.870607,3.909543,3.947794,3.985367,4.022273,4.058522,4.094122,4.129084,4.163419,4.197135,4.230244
0.052000,0.050883,0.073372,0.099843,0.130224,0.164430,0.202367,0.243933,0.289016,0.337500,0.389259,0.444162,0.502073,0.562851,0.626352,0.692428,0.760931,0.831710,0.904612,0.979487,1.056184,1.134552,1.214445,1.295716,1.378223,1.461826,1.540631,1.605042,1.667971,1.729272,1.788811,1.846464,1.902117,1.955667,2.007021,2.056094,2.102811,2.147107,2.188923,2.228210,2.264926,2.316339,2.386199,2.455580,2.524441,2.592744,2.660452,2.727534,2.793960,2.859704,2.924743,2.970913,3.002612,3.032275,3.059916,3.085547,3.110351,3.165668,3.220187,3.273904,3.326817,3.378924,3.430224,3.480720,3.530413,3.579305,3.627401,3.674706,3.721225,3.766964,3.811930,3.856130,3.899572,3.942263,3.984213,4.025431,4.065925,4.105706,4.144782,4.183164,4.220862,4.257887,4.294248,4.329955,4.365020,4.399453
0.054000,0.052840,0.076194,0.103684,0.135233,0.170754,0.210150,0.253315,0.300132,0.350481,0.404231,0.461245,0.521384,0.584499,0.650442,0.719060,0.790198,0.863698,0.939405,1.017160,1.096806,1.178189,1.261154,1.345551,1.431232,1.518050,1.599886,1.666775,1.732124,1.795782,1.857611,1.917481,1.975275,2.030885,2.084214,2.135174,2.183688,2.229688,2.273112,2.313910,2.352039,2.405429,2.477976,2.550026,2.621535,2.692464,2.762777,2.832439,2.901420,2.969693,3.037233,3.085179,3.118097,3.148901,3.177605,3.204222,3.229980,3.287424,3.344040,3.399824,3.454772,3.508882,3.562156,3.614594,3.666198,3.716971,3.766917,3.816041,3.864349,3.911848,3.958543,4.004443,4.049555,4.093889,4.137452,4.180255,4.222307,4.263617,4.304197,4.344055,4.383203,4.421652,4.459411,4.496492,4.532906,4.568663
0.056000,0.054797,0.079016,0.107524,0.140241,0.177078,0.217933,0.262697,0.311248,0.363462,0.419202,0.478329,0.540694,0.606147,0.674533,0.745692,0.819464,0.895687,0.974198,1.054832,1.137428,1.221825,1.307864,1.395387,1.484240,1.574274,1.659141,1.728507,1.796277,1.862293,1.926412,1.988499,2.048434,2.106103,2.161407,2.214255,2.264566,2.312269,2.357301,2.399611,2.439151,2.494519,2.569753,2.644471,2.718629,2.792185,2.865102,2.937344,3.008880,3.079682,3.149723,3.199445,3.233582,3.265527,3.295294,3.322897,3.349608,3.409181,3.467894,3.525743,3.582726,3.638841,3.694088,3.748468,3.801983,3.854636,3.906432,3.957376,4.007473,4.056731,4.105156,4.152755,4.199539,4.245514,4.290691,4.335079,4.378689,4.421529,4.463611,4.504946,4.545544,4.585417,4.624574,4.663029,4.700791,4.737873
0.058000,0.056754,0.081838,0.111364,0.145250,0.183403,0.225717,0.272079,0.322364,0.376443,0.434174,0.495412,0.560005,0.627795,0.698623,0.772324,0.848731,0.927676,1.008990,1.092505,1.178051,1.265462,1.354573,1.445222,1.537249,1.630499,1.718396,1.790239,1.860429,1.928803,1.995212,2.059517,2.121592,2.181321,2.238600,2.293335,2.345443,2.394850,2.441491,2.485311,2.526264,2.583609,2.661530,2.738916,2.815723,2.891906,2.967427,3.042249,3.116340,3.189670,3.262213,3.313711,3.349067,3.382153,3.412983,3.441572,3.469237,3.530937,3.591747,3.651663,3.710681,3.768800,3.826020,3.882342,3.937768,3.992302,4.045948,4.098711,4.150598,4.201614,4.251768,4.301068,4.349522,4.397140,4.443930,4.489904,4.535070,4.579441,4.623026,4.665837,4.707885,4.749181,4.789738,4.829566,4.868677,4.907083
0.060000,0.058711,0.084660,0.115204,0.150259,0.189727,0.233500,0.281461,0.333481,0.389423,0.449145,0.512495,0.579315,0.649443,0.722714,0.798956,0.877998,0.959665,1.043783,1.130177,1.218673,1.309099,1.401283,1.495057,1.590258,1.686723,1.777651,1.851972,1.924582,1.995314,2.064012,2.130535,2.194750,2.256539,2.315793,2.372416,2.426320,2.477431,2.525680,2.571011,2.613377,2.672699,2.753307,2.833362,2.912817,2.991627,3.069752,3.147154,3.223800,3.299659,3.374704,3.427977,3.464552,3.498779,3.530673,3.560247,3.588866,3.652694,3.715601,3.777582,3.838635,3.898758,3.957951,4.016215,4.073553,4.129967,4.185463,4.240046,4.293722,4.346497,4.398381,4.449381,4.499506,4.548765,4.597169,4.644728,4.691452,4.737353,4.782441,4.826728,4.870226,4.912946,4.954901,4.996102,5.036562,5.076292
0.062000,0.060668,0.087482,0.119044,0.155267,0.196051,0.241283,0.290843,0.344597,0.402404,0.464117,0.529578,0.598626,0.671092,0.746804,0.825588,0.907264,0.991654,1.078576,1.167850,1.259296,1.352735,1.447992,1.544892,1.643266,1.742947,1.836906,1.913704,1.988735,2.061824,2.132813,2.201553,2.267909,2.331757,2.392986,2.451496,2.507198,2.560012,2.609869,2.656712,2.700489,2.761789,2.845083,2.927807,3.009911,3.091348,3.172077,3.252059,3.331260,3.409648,3.487194,3.542243,3.580037,3.615405,3.648362,3.678922,3.708495,3.774450,3.839454,3.903501,3.966590,4.028717,4.089883,4.150089,4.209338,4.267633,4.324979,4.381381,4.436846,4.491381,4.544994,4.597693,4.649489,4.700391,4.750408,4.799552,4.847834,4.895264,4.941855,4.987619,5.032567,5.076711,5.120064,5.162639,5.204447,5.245502
0.064000,0.062625,0.090304,0.122884,0.160276,0.202375,0.249067,0.300225,0.355713,0.415385,0.479088,0.546661,0.617936,0.692740,0.770895,0.852220,0.936531,1.023643,1.113369,1.205522,1.299918,1.396372,1.494701,1.594728,1.696275,1.799171,1.896161,1.975437,2.052887,2.128335,2.201613,2.272571,2.341067,2.406975,2.470179,2.530577,2.588075,2.642593,2.694059,2.742412,2.787602,2.850879,2.936860,3.022253,3.107005,3.191069,3.274402,3.356964,3.438720,3.519636,3.599684,3.656509,3.695522,3.732031,3.766051,3.797597,3.828124,3.896207,3.963307,4.029421,4.094544,4.158675,4.221815,4.283963,4.345123,4.405299,4.464494,4.522716,4.579970,4.636264,4.691606,4.746006,4.799473,4.852016,4.903647,4.954376,5.004216,5.053176,5.101270,5.148510,5.194908,5.240476,5.285228,5.329176,5.372333,5.414712
0.066000,0.064582,0.093126,0.126724,0.165285,0.208699,0.256850,0.309607,0.366829,0.428366,0.494060,0.563744,0.637247,0.714388,0.794985,0.878851,0.965797,1.055631,1.148161,1.243195,1.340541,1.440009,1.541411,1.644563,1.749283,1.855395,1.955416,2.037169,2.117040,2.194845,2.270414,2.343588,2.414225,2.482193,2.547373,2.609658,2.668953,2.725174,2.778248,2.828113,2.874714,2.939969,3.028637,3.116698,3.204099,3.290790,3.376727,3.461870,3.546180,3.629625,3.712174,3.770775,3.811007,3.848657,3.883740,3.916271,3.947753,4.017963,4.087161,4.155340,4.222499,4.288634,4.353746,4.417837,4.480908,4.542964,4.604010,4.664050,4.723094,4.781147,4.838219,4.894319,4.949456,5.003642,5.056886,5.109201,5.160597,5.211088,5.260685,5.309401,5.357248,5.404241,5.450391,5.495713,5.540218,5.583921
0.068000,0.066539,0.095948,0.130565,0.170293,0.215024,0.264633,0.318989,0.377945,0.441347,0.509031,0.580827,0.656557,0.736036,0.819076,0.905483,0.995064,1.087620,1.182954,1.280868,1.381163,1.483645,1.588120,1.694398,1.802292,1.911619,2.014671,2.098901,2.181193,2.261356,2.339214,2.414606,2.487384,2.557411,2.624566,2.688738,2.749830,2.807755,2.862437,2.913813,2.961827,3.029059,3.120414,3.211143,3.301192,3.390511,3.479052,3.566775,3.653640,3.739613,3.824664,3.885041,3.926492,3.965283,4.001429,4.034946,4.067382,4.139720,4.211014,4.281260,4.350453,4.418593,4.485678,4.551711,4.616693,4.680630,4.743525,4.805385,4.866218,4.926030,4.984832,5.042632,5.099440,5.155267,5.210125,5.264025,5.316979,5.369000,5.420100,5.470292,5.519589,5.568006,5.615555,5.662249,5.708104,5.753131
0.070000,0.068496,0.098770,0.134405,0.175302,0.221348,0.272417,0.328371,0.389061,0.454327,0.524003,0.597911,0.675868,0.757684,0.843166,0.932115,1.024331,1.119609,1.217747,1.318540,1.421786,1.527282,1.634830,1.744233,1.855301,1.967843,2.073926,2.160634,2.245346,2.327866,2.408015,2.485624,2.560542,2.632629,2.701759,2.767819,2.830707,2.890336,2.946627,2.999513,3.048939,3.118149,3.212191,3.305589,3.398286,3.490232,3.581377,3.671680,3.761100,3.849602,3.937154,3.999306,4.041977,4.081909,4.119118,4.153621,4.187011,4.261476,4.334867,4.407179,4.478408,4.548551,4.617610,4.685585,4.752478,4.818295,4.883040,4.946720,5.009342,5.070914,5.131445,5.190944,5.249423,5.306893,5.363364,5.418849,5.473361,5.526911,5.579514,5.631183,5.681930,5.731771,5.780718,5.828786,5.875989,5.922341
0.072000,0.070453,0.101592,0.138245,0.180310,0.227672,0.280200,0.337753,0.400177,0.467308,0.538974,0.614994,0.695178,0.779332,0.867256,0.958747,1.053597,1.151598,1.252540,1.356213,1.462408,1.570918,1.681539,1.794069,1.908309,2.024067,2.133181,2.222366,2.309498,2.394377,2.476815,2.556642,2.633700,2.707847,2.778952,2.846899,2.911585,2.972917,3.030816,3.085214,3.136052,3.207239,3.303968,3.400034,3.495380,3.589953,3.683702,3.776585,3.868560,3.959591,4.049644,4.113572,4.157462,4.198535,4.236807,4.272296,4.306639,4.383232,4.458721,4.533098,4.606362,4.678510,4.749542,4.819458,4.888264,4.955961,5.022556,5.088055,5.152466,5.215797,5.278057,5.339257,5.399407,5.458518,5.516603,5.573673,5.629742,5.684823,5.738929,5.792074,5.844271,5.895536,5.945881,5.995323,6.043874,6.091551
0.074000,0.072410,0.104414,0.142085,0.185319,0.233996,0.287983,0.347135,0.411293,0.480289,0.553946,0.632077,0.714489,0.800980,0.891347,0.985379,1.082864,1.183587,1.287332,1.393885,1.503030,1.614555,1.728249,1.843904,1.961318,2.080291,2.192436,2.284099,2.373651,2.460887,2.545615,2.627660,2.706859,2.783065,2.856145,2.925980,2.992462,3.055498,3.115005,3.170914,3.223164,3.296329,3.395745,3.494480,3.592474,3.689674,3.786028,3.881490,3.976020,4.069579,4.162134,4.227838,4.272947,4.315161,4.354496,4.390971,4.426268,4.504989,4.582574,4.659018,4.734317,4.808468,4.881473,4.953332,5.024049,5.093626,5.162071,5.229390,5.295590,5.360680,5.424670,5.487570,5.549390,5.610144,5.669842,5.728498,5.786124,5.842735,5.898344,5.952965,6.006612,6.059300,6.111045,6.161860,6.211760,6.260760
0.076000,0.074367,0.107236,0.145925,0.190328,0.240321,0.295767,0.356517,0.422409,0.493270,0.568917,0.649160,0.733799,0.822628,0.915437,1.012011,1.112130,1.215576,1.322125,1.431558,1.543653,1.658192,1.774958,1.893739,2.014326,2.136515,2.251691,2.345831,2.437804,2.527398,2.614416,2.698678,2.780017,2.858283,2.933338,3.005060,3.073339,3.138079,3.199195,3.256614,3.310277,3.385419,3.487522,3.588925,3.689568,3.789394,3.888353,3.986395,4.083480,4.179568,4.274625,4.342104,4.388432,4.431787,4.472185,4.509646,4.545897,4.626745,4.706427,4.784937,4.862271,4.938427,5.013405,5.087206,5.159834,5.231292,5.301587,5.370725,5.438714,5.505563,5.571283,5.635882,5.699374,5.761769,5.823081,5.883322,5.942506,6.000647,6.057758,6.113855,6.168953,6.223065,6.276208,6.328396,6.379645,6.429970
0.078000,0.076324,0.110058,0.149765,0.195336,0.246645,0.303550,0.365899,0.433525,0.506250,0.583889,0.666243,0.753110,0.844277,0.939528,1.038643,1.141397,1.247564,1.356918,1.469230,1.584275,1.701828,1.821667,1.943574,2.067335,2.192739,2.310946,2.407563,2.501957,2.593908,2.683216,2.769695,2.853175,2.933501,3.010531,3.084141,3.154217,3.220660,3.283384,3.342315,3.397389,3.474509,3.579298,3.683370,3.786662,3.889115,3.990678,4.091300,4.190940,4.289557,4.387115,4.456370,4.503917,4.548413,4.589874,4.628321,4.665526,4.748502,4.830281,4.910857,4.990226,5.068386,5.145337,5.221080,5.295619,5.368958,5.441102,5.512060,5.581838,5.650447,5.717895,5.784195,5.849357,5.913395,5.976320,6.038146,6.098888,6.158558,6.217173,6.274746,6.331294,6.386830,6.441371,6.494933,6.547531,6.599180
0.080000,0.078281,0.112880,0.153605,0.200345,0.252969,0.311333,0.375281,0.444641,0.519231,0.598860,0.683326,0.772420,0.865925,0.963618,1.065275,1.170663,1.279553,1.391711,1.506903,1.624898,1.745465,1.868377,1.993410,2.120343,2.248964,2.370201,2.469296,2.566109,2.660418,2.752017,2.840713,2.926334,3.008719,3.087724,3.163221,3.235094,3.303241,3.367573,3.428015,3.484502,3.563599,3.671075,3.777816,3.883756,3.988836,4.093003,4.196206,4.298400,4.399545,4.499605,4.570636,4.619402,4.665039,4.707563,4.746996,4.785155,4.870258,4.954134,5.036776,5.118180,5.198344,5.277268,5.354954,5.431404,5.506623,5.580618,5.653395,5.724962,5.795330,5.864508,5.932508,5.999341,6.065020,6.129559,6.192971,6.255269,6.316470,6.376588,6.435637,6.493635,6.550595,6.606535,6.661470,6.715416,6.768390
0.082000,0.080238,0.115702,0.157445,0.205354,0.259293,0.319117,0.384663,0.455757,0.532212,0.613832,0.700410,0.791731,0.887573,0.987709,1.091906,1.199930,1.311542,1.426504,1.544576,1.665520,1.789102,1.915086,2.043245,2.173352,2.305188,2.429456,2.531028,2.630262,2.726929,2.820817,2.911731,2.999492,3.083937,3.164917,3.242302,3.315971,3.385822,3.451763,3.513716,3.571615,3.652689,3.762852,3.872261,3.980850,4.088557,4.195328,4.301111,4.405860,4.509534,4.612095,4.684902,4.734887,4.781665,4.825252,4.865671,4.904784,4.992015,5.077987,5.162695,5.246135,5.328303,5.409200,5.488828,5.567189,5.644289,5.720133,5.794729,5.868086,5.940213,6.011121,6.080820,6.149324,6.216646,6.282798,6.347795,6.411651,6.474382,6.536002,6.596528,6.655975,6.714360,6.771698,6.828006,6.883301,6.937599
0.084000,0.082195,0.118523,0.161286,0.210362,0.265617,0.326900,0.394045,0.466873,0.545193,0.628803,0.717493,0.811041,0.909221,1.011799,1.118538,1.229197,1.343531,1.461296,1.582248,1.706143,1.832738,1.961796,2.093080,2.226361,2.361412,2.488711,2.592761,2.694415,2.793439,2.889617,2.982749,3.072650,3.159155,3.242111,3.321382,3.396849,3.468403,3.535952,3.599416,3.658727,3.741779,3.854629,3.966707,4.077944,4.188278,4.297653,4.406016,4.513320,4.619522,4.724585,4.799168,4.850372,4.898291,4.942942,4.984345,5.024413,5.113771,5.201841,5.288615,5.374089,5.458261,5.541132,5.622702,5.702974,5.781954,5.859649,5.936064,6.011210,6.085096,6.157733,6.229133,6.299308,6.368271,6.436037,6.502619,6.568033,6.632294,6.695417,6.757419,6.818316,6.878125,6.936862,6.994543,7.051187,7.106809
0.086000,0.084152,0.121345,0.165126,0.215371,0.271942,0.334683,0.403427,0.477989,0.558174,0.643775,0.734576,0.830352,0.930869,1.035890,1.145170,1.258463,1.375520,1.496089,1.619921,1.746765,1.876375,2.008505,2.142915,2.279369,2.417636,2.547966,2.654493,2.758568,2.859950,2.958418,3.053767,3.145809,3.234373,3.319304,3.400463,3.477726,3.550984,3.620141,3.685116,3.745840,3.830869,3.946406,4.061152,4.175038,4.287999,4.399978,4.510921,4.620780,4.729511,4.837075,4.913434,4.965858,5.014917,5.060631,5.103020,5.144042,5.235528,5.325694,5.414534,5.502044,5.588220,5.673063,5.756575,5.838759,5.919620,5.999164,6.077399,6.154334,6.229980,6.304346,6.377446,6.449292,6.519897,6.589276,6.657443,6.724415,6.790205,6.854832,6.918310,6.980657,7.041890,7.102025,7.161080,7.219072,7.276019
0.088000,0.086109,0.124167,0.168966,0.220379,0.278266,0.342467,0.412809,0.489105,0.571154,0.658746,0.751659,0.849662,0.952517,1.059980,1.171802,1.287730,1.407509,1.530882,1.657593,1.787388,1.920011,2.055215,2.192751,2.332378,2.473860,2.607221,2.716225,2.822720,2.926460,3.027218,3.124785,3.218967,3.309591,3.396497,3.479543,3.558603,3.633565,3.704331,3.770817,3.832952,3.919959,4.038183,4.155597,4.272131,4.387720,4.502303,4.615826,4.728240,4.839500,4.949565,5.027699,5.081343,5.131543,5.178320,5.221695,5.263670,5.357284,5.449547,5.540454,5.629998,5.718179,5.804995,5.890449,5.974544,6.057286,6.138679,6.218734,6.297458,6.374863,6.450959,6.525759,6.599275,6.671522,6.742515,6.812268,6.880796,6.948117,7.014246,7.079201,7.142998,7.205655,7.267188,7.327617,7.386958,7.445229
0.090000,0.088066,0.126989,0.172806,0.225388,0.284590,0.350250,0.422191,0.500221,0.584135,0.673718,0.768742,0.868973,0.974165,1.084071,1.198434,1.316996,1.439497,1.565675,1.695266,1.828010,1.963648,2.101924,2.242586,2.385386,2.530084,2.666476,2.777958,2.886873,2.992971,3.096019,3.195802,3.292125,3.384809,3.473690,3.558624,3.639481,3.716146,3.788520,3.856517,3.920065,4.009049,4.129960,4.250043,4.369225,4.487441,4.604628,4.720731,4.835700,4.949488,5.062055,5.141965,5.196828,5.248169,5.296009,5.340370,5.383299,5.479041,5.573401,5.666373,5.757953,5.848137,5.936927,6.024323,6.110329,6.194951,6.278195,6.360069,6.440582,6.519746,6.597572,6.674071,6.749259,6.823148,6.895754,6.967092,7.037178,7.106029,7.173661,7.240092,7.305339,7.369419,7.432352,7.494153,7.554843,7.614438
0.092000,0.090023,0.129811,0.176646,0.230397,0.290914,0.358033,0.431573,0.511337,0.597116,0.688689,0.785825,0.888283,0.995813,1.108161,1.225066,1.346263,1.471486,1.600467,1.732938,1.868632,2.007285,2.148633,2.292421,2.438395,2.586308,2.725731,2.839690,2.951026,3.059481,3.164819,3.266820,3.365284,3.460026,3.550883,3.637704,3.720358,3.798727,3.872709,3.942218,4.007177,4.098139,4.221737,4.344488,4.466319,4.587162,4.706953,4.825636,4.943160,5.059477,5.174546,5.256231,5.312313,5.364795,5.413698,5.459045,5.502928,5.600797,5.697254,5.792292,5.885907,5.978096,6.068859,6.158197,6.246115,6.332617,6.417710,6.501404,6.583706,6.664629,6.744184,6.822384,6.899242,6.974773,7.048993,7.121916,7.193560,7.263941,7.333076,7.400983,7.467680,7.533184,7.597515,7.660690,7.722728,7.783648
0.094000,0.091980,0.132633,0.180486,0.235405,0.297239,0.365817,0.440955,0.522453,0.610097,0.703661,0.802909,0.907594,1.017461,1.132252,1.251698,1.375530,1.503475,1.635260,1.770611,1.909255,2.050921,2.195343,2.342256,2.491404,2.642532,2.784986,2.901423,3.015178,3.125992,3.233620,3.337838,3.438442,3.535244,3.628076,3.716785,3.801235,3.881308,3.956899,4.027918,4.094290,4.187229,4.313514,4.438934,4.563413,4.686883,4.809278,4.930542,5.050620,5.169466,5.287036,5.370497,5.427798,5.481421,5.531387,5.577720,5.622557,5.722553,5.821107,5.918212,6.013862,6.108055,6.200790,6.292071,6.381900,6.470282,6.557226,6.642739,6.726831,6.809513,6.890797,6.970697,7.049226,7.126399,7.202232,7.276740,7.349942,7.421852,7.492491,7.561874,7.630021,7.696949,7.762678,7.827227,7.890614,7.952858
0.096000,0.093937,0.135455,0.184326,0.240414,0.303563,0.373600,0.450337,0.533569,0.623078,0.718632,0.819992,0.926904,1.039110,1.156342,1.278329,1.404796,1.535464,1.670053,1.808284,1.949877,2.094558,2.242052,2.392092,2.544412,2.698756,2.844241,2.963155,3.079331,3.192502,3.302420,3.408856,3.511600,3.610462,3.705269,3.795865,3.882113,3.963889,4.041088,4.113618,4.181402,4.276319,4.405290,4.533379,4.660507,4.786604,4.911603,5.035447,5.158080,5.279454,5.399526,5.484763,5.543283,5.598047,5.649076,5.696395,5.742186,5.844310,5.944961,6.044131,6.141816,6.238013,6.332722,6.425945,6.517685,6.607948,6.696741,6.784073,6.869955,6.954396,7.037410,7.119009,7.199209,7.278024,7.355471,7.431565,7.506323,7.579764,7.651905,7.722765,7.792361,7.860714,7.927842,7.993764,8.058499,8.122068
0.098000,0.095895,0.138277,0.188167,0.245423,0.309887,0.381383,0.459719,0.544685,0.636058,0.733604,0.837075,0.946215,1.060758,1.180432,1.304961,1.434063,1.567453,1.704846,1.845956,1.990500,2.138195,2.288762,2.441927,2.597421,2.754980,2.903496,3.024887,3.143484,3.259013,3.371220,3.479874,3.584759,3.685680,3.782462,3.874946,3.962990,4.046470,4.125277,4.199319,4.268515,4.365409,4.497067,4.627824,4.757601,4.886324,5.013928,5.140352,5.265540,5.389443,5.512016,5.599029,5.658768,5.714673,5.766765,5.815070,5.861815,5.966066,6.068814,6.170051,6.269771,6.367972,6.464654,6.559818,6.653470,6.745613,6.836257,6.925408,7.013079,7.099279,7.184022,7.267322,7.349193,7.429650,7.508710,7.586389,7.662705,7.737676,7.811320,7.883656,7.954702,8.024479,8.093005,8.160300,8.226385,8.291277
0.100000,0.097852,0.141099,0.192007,0.250431,0.316211,0.389167,0.469101,0.555801,0.649039,0.748575,0.854158,0.965525,1.082406,1.204523,1.331593,1.463329,1.599442,1.739638,1.883629,2.031122,2.181831,2.335471,2.491762,2.650429,2.811204,2.962751,3.086620,3.207637,3.325523,3.440021,3.550892,3.657917,3.760898,3.859655,3.954027,4.043867,4.129051,4.209467,4.285019,4.355628,4.454499,4.588844,4.722270,4.854695,4.986045,5.116253,5.245257,5.373000,5.499432,5.624506,5.713295,5.774253,5.831299,5.884454,5.933745,5.981444,6.087823,6.192668,6.295970,6.397725,6.497930,6.596585,6.693692,6.789255,6.883279,6.975772,7.066743,7.156203,7.244162,7.330635,7.415635,7.499176,7.581275,7.661949,7.741213,7.819087,7.895588,7.970735,8.044547,8.117043,8.188244,8.258168,8.326837,8.394270,8.460487
0.102000,0.099809,0.143921,0.195847,0.255440,0.322535,0.396950,0.478483,0.566917,0.662020,0.763547,0.871241,0.984836,1.104054,1.228613,1.358225,1.492596,1.631430,1.774431,1.921301,2.071745,2.225468,2.382180,2.541597,2.703438,2.867429,3.022006,3.148352,3.271789,3.392034,3.508821,3.621909,3.731075,3.836116,3.936849,4.033107,4.124745,4.211632,4.293656,4.370719,4.442740,4.543589,4.680621,4.816715,4.951789,5.085766,5.218578,5.350162,5.480460,5.609420,5.736996,5.827561,5.889738,5.947925,6.002143,6.052419,6.101073,6.209579,6.316521,6.421889,6.525680,6.627889,6.728517,6.827566,6.925040,7.020945,7.115288,7.208078,7.299327,7.389046,7.477248,7.563947,7.649160,7.732901,7.815188,7.896037,7.975469,8.053499,8.130149,8.205438,8.279384,8.352009,8.423332,8.493374,8.562155,8.629697
0.104000,0.101766,0.146743,0.199687,0.260448,0.328860,0.404733,0.487865,0.578033,0.675001,0.778518,0.888324,1.004146,1.125702,1.252704,1.384857,1.521863,1.663419,1.809224,1.958974,2.112367,2.269104,2.428890,2.591432,2.756446,2.923653,3.081261,3.210084,3.335942,3.458544,3.577622,3.692927,3.804234,3.911334,4.014042,4.112188,4.205622,4.294213,4.377845,4.456420,4.529853,4.632679,4.772398,4.911160,5.048883,5.185487,5.320904,5.455067,5.587920,5.719409,5.849486,5.941827,6.005223,6.064551,6.119832,6.171094,6.220701,6.331336,6.440374,6.547809,6.653634,6.757848,6.860449,6.961440,7.060825,7.158610,7.254803,7.349413,7.442451,7.533929,7.623860,7.712260,7.799143,7.884526,7.968427,8.050862,8.131850,8.211411,8.289564,8.366329,8.441725,8.515774,8.588495,8.659911,8.730041,8.798907
0.106000,0.103723,0.149565,0.203527,0.265457,0.335184,0.412517,0.497247,0.589149,0.687981,0.793490,0.905408,1.023457,1.147350,1.276794,1.411489,1.551129,1.695408,1.844017,1.996646,2.152990,2.312741,2.475599,2.641268,2.809455,2.979877,3.140516,3.271817,3.400095,3.525054,3.646422,3.763945,3.877392,3.986552,4.091235,4.191268,4.286500,4.376794,4.462035,4.542120,4.616965,4.721769,4.864175,5.005606,5.145976,5.285208,5.423229,5.559972,5.695380,5.829397,5.961976,6.056093,6.120708,6.181177,6.237521,6.289769,6.340330,6.453092,6.564228,6.673728,6.781589,6.887806,6.992381,7.095314,7.196610,7.296276,7.394318,7.490748,7.585575,7.678812,7.770473,7.860573,7.949127,8.036152,8.121666,8.205686,8.288232,8.369323,8.448979,8.527219,8.604066,8.679538,8.753659,8.826447,8.897926,8.968116
0.108000,0.105680,0.152387,0.207367,0.270466,0.341508,0.420300,0.506629,0.600265,0.700962,0.808462,0.922491,1.042767,1.168998,1.300885,1.438121,1.580396,1.727397,1.878810,2.034319,2.193612,2.356378,2.522309,2.691103,2.862464,3.036101,3.199771,3.333549,3.464248,3.591565,3.715222,3.834963,3.950550,4.061770,4.168428,4.270349,4.367377,4.459375,4.546224,4.627821,4.704078,4.810859,4.955952,5.100051,5.243070,5.384929,5.525554,5.664878,5.802840,5.939386,6.074467,6.170358,6.236193,6.297803,6.355211,6.408444,6.459959,6.574849,6.688081,6.799648,6.909543,7.017765,7.124312,7.229188,7.332395,7.433941,7.533834,7.632083,7.728699,7.823695,7.917086,8.008885,8.099110,8.187777,8.274905,8.360510,8.444614,8.527235,8.608393,8.688110,8.766407,8.843303,8.918822,8.992984,9.065812,9.137326
0.110000,0.107637,0.155209,0.211207,0.275474,0.347832,0.428084,0.516011,0.611381,0.713943,0.823433,0.939574,1.062078,1.190646,1.324975,1.464752,1.609662,1.759386,1.913602,2.071992,2.234234,2.400014,2.569018,2.740938,2.915472,3.092325,3.259026,3.395282,3.528400,3.658075,3.784023,3.905981,4.023709,4.136988,4.245621,4.349429,4.448254,4.541956,4.630413,4.713521,4.791190,4.899949,5.047729,5.194497,5.340164,5.484650,5.627879,5.769783,5.910300,6.049375,6.186957,6.284624,6.351678,6.414429,6.472900,6.527119,6.579588,6.696605,6.811934,6.925567,7.037498,7.147723,7.256244,7.363062,7.468180,7.571607,7.673349,7.773417,7.871823,7.968579,8.063699,8.157198,8.249094,8.339403,8.428143,8.515335,8.600995,8.685146,8.767808,8.849001,8.928747,9.007068,9.083985,9.159521,9.233697,9.306536
0.112000,0.109594,0.158031,0.215047,0.280483,0.354157,0.435867,0.525393,0.622497,0.726924,0.838405,0.956657,1.081388,1.212295,1.349066,1.491384,1.638929,1.791375,1.948395,2.109664,2.274857,2.443651,2.615728,2.790773,2.968481,3.148549,3.318281,3.457014,3.592553,3.724586,3.852823,3.976999,4.096867,4.212206,4.322814,4.428510,4.529132,4.624537,4.714603,4.799221,4.878303,4.989039,5.139506,5.288942,5.437258,5.584371,5.730204,5.874688,6.017760,6.159363,6.299447,6.398890,6.467163,6.531055,6.590589,6.645794,6.699217,6.818362,6.935788,7.051486,7.165452,7.277682,7.388176,7.496935,7.603965,7.709272,7.812865,7.914752,8.014947,8.113462,8.210311,8.305511,8.399077,8.491028,8.581382,8.670159,8.757377,8.843058,8.927223,9.009892,9.091088,9.170833,9.249149,9.326058,9.401582,9.475746
0.114000,0.111551,0.160853,0.218888,0.285492,0.360481,0.443650,0.534775,0.633613,0.739905,0.853376,0.973740,1.100699,1.233943,1.373156,1.518016,1.668195,1.823363,1.983188,2.147337,2.315479,2.487288,2.662437,2.840609,3.021489,3.204773,3.377536,3.518746,3.656706,3.791096,3.921624,4.048016,4.170025,4.287424,4.400007,4.507590,4.610009,4.707118,4.798792,4.884922,4.965415,5.078129,5.231282,5.383387,5.534352,5.684092,5.832529,5.979593,6.125220,6.269352,6.411937,6.513156,6.582648,6.647681,6.708278,6.764469,6.818846,6.940118,7.059641,7.177406,7.293407,7.407641,7.520107,7.630809,7.739751,7.846938,7.952380,8.056087,8.158071,8.258345,8.356924,8.453824,8.549061,8.642654,8.734621,8.824983,8.913759,9.000970,9.086637,9.170783,9.253429,9.334598,9.414312,9.492594,9.569468,9.644955
0.116000,0.113508,0.163675,0.222728,0.290500,0.366805,0.451434,0.544157,0.644729,0.752885,0.868348,0.990823,1.120009,1.255591,1.397247,1.544648,1.697462,1.855352,2.017981,2.185009,2.356102,2.530924,2.709146,2.890444,3.074498,3.260997,3.436791,3.580479,3.720858,3.857607,3.990424,4.119034,4.243184,4.362642,4.477200,4.586671,4.690886,4.789699,4.882981,4.970622,5.052528,5.167219,5.323059,5.477833,5.631446,5.783813,5.934854,6.084498,6.232680,6.379341,6.524427,6.627422,6.698133,6.764307,6.825967,6.883144,6.938475,7.061874,7.183494,7.303325,7.421361,7.537599,7.652039,7.764683,7.875536,7.984604,8.091896,8.197422,8.301195,8.403228,8.503537,8.602136,8.699044,8.794279,8.887860,8.979807,9.070141,9.158882,9.246052,9.331674,9.415770,9.498363,9.579475,9.659131,9.737353,9.814165
0.118000,0.115465,0.166497,0.226568,0.295509,0.373129,0.459217,0.553539,0.655845,0.765866,0.883319,1.007907,1.139320,1.277239,1.421337,1.571280,1.726729,1.887341,2.052773,2.222682,2.396724,2.574561,2.755856,2.940279,3.127507,3.317221,3.496046,3.642211,3.785011,3.924117,4.059225,4.190052,4.316342,4.437860,4.554393,4.665751,4.771764,4.872280,4.967171,5.056322,5.139640,5.256309,5.414836,5.572278,5.728540,5.883533,6.037179,6.189403,6.340140,6.489329,6.636917,6.741688,6.813618,6.880933,6.943656,7.001819,7.058104,7.183631,7.307348,7.429245,7.549316,7.667558,7.783971,7.898557,8.011321,8.122269,8.231411,8.338757,8.444319,8.548112,8.650149,8.750449,8.849028,8.945905,9.041099,9.134632,9.226522,9.316793,9.405467,9.492565,9.578111,9.662128,9.744639,9.825668,9.905239,9.983375
0.120000,0.117422,0.169319,0.230408,0.300517,0.379453,0.467000,0.562921,0.666961,0.778847,0.898291,1.024990,1.158630,1.298887,1.445427,1.597912,1.755995,1.919330,2.087566,2.260355,2.437347,2.618197,2.802565,2.990114,3.180515,3.373445,3.555301,3.703944,3.849164,3.990628,4.128025,4.261070,4.389500,4.513078,4.631587,4.744832,4.852641,4.954861,5.051360,5.142023,5.226753,5.345399,5.506613,5.666724,5.825634,5.983254,6.139504,6.294308,6.447600,6.599318,6.749407,6.855954,6.929103,6.997559,7.061345,7.120494,7.177732,7.305387,7.431201,7.555164,7.677270,7.797516,7.915903,8.032431,8.147106,8.259935,8.370927,8.480092,8.587443,8.692995,8.796762,8.898762,8.999011,9.097530,9.194338,9.289456,9.382904,9.474705,9.564882,9.653456,9.740452,9.825893,9.909802,9.992205,10.073124,10.152585
0.122000,0.119379,0.172141,0.234248,0.305526,0.385778,0.474784,0.572303,0.678077,0.791828,0.913262,1.042073,1.177941,1.320535,1.469518,1.624544,1.785262,1.951319,2.122359,2.298027,2.477969,2.661834,2.849275,3.039950,3.233524,3.429669,3.614556,3.765676,3.913317,4.057138,4.196825,4.332088,4.462659,4.588296,4.708780,4.823912,4.933518,5.037442,5.135549,5.227723,5.313866,5.434489,5.598390,5.761169,5.922728,6.082975,6.241829,6.399214,6.555060,6.709306,6.861897,6.970220,7.044589,7.114185,7.179034,7.239168,7.297361,7.427144,7.555054,7.681083,7.805225,7.927475,8.047834,8.166305,8.282891,8.397600,8.510442,8.621427,8.730567,8.837878,8.943375,9.047074,9.148995,9.249156,9.347577,9.444280,9.539286,9.632617,9.724296,9.814347,9.902793,9.989657,10.074966,10.158741,10.241009,10.321794
0.124000,0.121336,0.174963,0.238088,0.310535,0.392102,0.482567,0.581685,0.689193,0.804808,0.928234,1.059156,1.197251,1.342183,1.493608,1.651176,1.814528,1.983308,2.157152,2.335700,2.518592,2.705471,2.895984,3.089785,3.286532,3.485894,3.673811,3.827408,3.977469,4.123649,4.265626,4.403106,4.535817,4.663514,4.785973,4.902993,5.014396,5.120023,5.219739,5.313424,5.400978,5.523579,5.690167,5.855614,6.019822,6.182696,6.344154,6.504119,6.662520,6.819295,6.974387,7.084486,7.160074,7.230811,7.296723,7.357843,7.416990,7.548900,7.678908,7.807003,7.933179,8.057434,8.179766,8.300178,8.418676,8.535266,8.649957,8.762762,8.873691,8.982761,9.089987,9.195387,9.298978,9.400781,9.500816,9.599104,9.695668,9.790529,9.883711,9.975238,10.065134,10.153422,10.240129,10.325278,10.408895,10.491004
0.126000,0.123293,0.177785,0.241928,0.315543,0.398426,0.490350,0.591067,0.700309,0.817789,0.943205,1.076239,1.216562,1.363831,1.517699,1.677807,1.843795,2.015296,2.191944,2.373372,2.559214,2.749107,2.942694,3.139620,3.339541,3.542118,3.733066,3.889141,4.041622,4.190159,4.334426,4.474123,4.608975,4.738732,4.863166,4.982073,5.095273,5.202604,5.303928,5.399124,5.488091,5.612669,5.781944,5.950060,6.116915,6.282417,6.446479,6.609024,6.769980,6.929284,7.086878,7.198752,7.275559,7.347437,7.414412,7.476518,7.536619,7.670657,7.802761,7.932922,8.061134,8.187392,8.311698,8.434052,8.554461,8.672932,8.789473,8.904096,9.016815,9.127645,9.236600,9.343700,9.448962,9.552407,9.654055,9.753929,9.852049,9.948441,10.043126,10.136129,10.227474,10.317187,10.405292,10.491815,10.576780,10.660214
0.128000,0.125250,0.180607,0.245769,0.320552,0.404750,0.498134,0.600449,0.711425,0.830770,0.958177,1.093322,1.235872,1.385479,1.541789,1.704439,1.873062,2.047285,2.226737,2.411045,2.599836,2.792744,2.989403,3.189455,3.392550,3.598342,3.792321,3.950873,4.105775,4.256670,4.403227,4.545141,4.682134,4.813950,4.940359,5.061154,5.176150,5.285185,5.388117,5.484824,5.575203,5.701759,5.873721,6.044505,6.214009,6.382138,6.548804,6.713929,6.877440,7.039272,7.199368,7.313017,7.391044,7.464063,7.532101,7.595193,7.656248,7.792413,7.926614,8.058842,8.189088,8.317351,8.443629,8.567926,8.690246,8.810597,8.928988,9.045431,9.159939,9.272528,9.383213,9.492012,9.598946,9.704032,9.807294,9.908753,10.008431,10.106352,10.202540,10.297020,10.389815,10.480952,10.570456,10.658352,10.744666,10.829423
0.130000,0.127207,0.183429,0.249609,0.325561,0.411075,0.505917,0.609831,0.722541,0.843751,0.973148,1.110406,1.255183,1.407128,1.565880,1.731071,1.902328,2.079274,2.261530,2.448717,2.640459,2.836381,3.036112,3.239291,3.445558,3.654566,3.851576,4.012606,4.169928,4.323180,4.472027,4.616159,4.755292,4.889168,5.017552,5.140234,5.257028,5.367766,5.472307,5.570525,5.662316,5.790849,5.965497,6.138951,6.311103,6.481859,6.651129,6.818834,6.984900,7.149261,7.311858,7.427283,7.506529,7.580689,7.649790,7.713868,7.775877,7.914170,8.050468,8.184761,8.317043,8.447309,8.575561,8.701800,8.826031,8.948263,9.068504,9.186766,9.303063,9.417411,9.529826,9.640325,9.748929,9.855658,9.960533,10.063577,10.164813,10.264264,10.361955,10.457911,10.552156,10.644717,10.735619,10.824888,10.912551,10.998633
0.132000,0.129164,0.186251,0.253449,0.330569,0.417399,0.513700,0.619213,0.733657,0.856732,0.988120,1.127489,1.274493,1.428776,1.589970,1.757703,1.931595,2.111263,2.296323,2.486390,2.681081,2.880017,3.082822,3.289126,3.498567,3.710790,3.910831,4.074338,4.234080,4.389691,4.540827,4.687177,4.828450,4.964386,5.094745,5.219315,5.337905,5.450348,5.556496,5.656225,5.749428,5.879938,6.057274,6.233396,6.408197,6.581580,6.753454,6.923739,7.092360,7.259250,7.424348,7.541549,7.622014,7.697315,7.767480,7.832543,7.895506,8.035926,8.174321,8.310680,8.444997,8.577268,8.707493,8.835674,8.961816,9.085928,9.208019,9.328101,9.446188,9.562294,9.676438,9.788638,9.898913,10.007283,10.113772,10.218401,10.321195,10.422176,10.521370,10.618802,10.714497,10.808482,10.900782,10.991425,11.080436,11.167843
0.134000,0.131121,0.189073,0.257289,0.335578,0.423723,0.521484,0.628595,0.744773,0.869712,1.003091,1.144572,1.293804,1.450424,1.614061,1.784335,1.960861,2.143252,2.331116,2.524063,2.721704,2.923654,3.129531,3.338961,3.551575,3.767014,3.970086,4.136070,4.298233,4.456201,4.609628,4.758195,4.901609,5.039604,5.171938,5.298396,5.418782,5.532929,5.640685,5.741926,5.836541,5.969028,6.149051,6.327841,6.505291,6.681301,6.855780,7.028644,7.199820,7.369238,7.536838,7.655815,7.737499,7.813941,7.885169,7.951218,8.015135,8.157683,8.298175,8.436600,8.572952,8.707227,8.839424,8.969548,9.097602,9.223594,9.347535,9.469436,9.589312,9.707178,9.823051,9.936950,10.048896,10.158909,10.267011,10.373226,10.477576,10.580088,10.680784,10.779693,10.876838,10.972247,11.065946,11.157962,11.248322,11.337053
0.136000,0.133078,0.191895,0.261129,0.340586,0.430047,0.529267,0.637977,0.755889,0.882693,1.018063,1.161655,1.313114,1.472072,1.638151,1.810967,1.990128,2.175241,2.365908,2.561735,2.762326,2.967290,3.176241,3.388796,3.604584,3.823238,4.029341,4.197803,4.362386,4.522711,4.678428,4.829212,4.974767,5.114822,5.249131,5.377476,5.499660,5.615510,5.724875,5.827626,5.923653,6.058118,6.240828,6.422287,6.602385,6.781022,6.958105,7.133550,7.307280,7.479227,7.649328,7.770081,7.852984,7.930567,8.002858,8.069893,8.134763,8.279439,8.422028,8.562519,8.700906,8.837185,8.971356,9.103422,9.233387,9.361259,9.487050,9.610771,9.732436,9.852061,9.969664,10.085263,10.198880,10.310534,10.420250,10.528050,10.633958,10.737999,10.840199,10.940583,11.039179,11.136012,11.231109,11.324499,11.416207,11.506262
0.138000,0.135035,0.194717,0.264969,0.345595,0.436371,0.537050,0.647359,0.767005,0.895674,1.033034,1.178738,1.332425,1.493720,1.662242,1.837599,2.019395,2.207229,2.400701,2.599408,2.802949,3.010927,3.222950,3.438632,3.657592,3.879462,4.088597,4.259535,4.426539,4.589222,4.747229,4.900230,5.047926,5.190040,5.326325,5.456557,5.580537,5.698091,5.809064,5.913326,6.010766,6.147208,6.332605,6.516732,6.699479,6.880743,7.060430,7.238455,7.414740,7.589216,7.761818,7.884347,7.968469,8.047193,8.120547,8.188568,8.254392,8.401196,8.545881,8.688439,8.828861,8.967144,9.103288,9.237295,9.369172,9.498925,9.626565,9.752106,9.875560,9.996944,10.116276,10.233576,10.348863,10.462160,10.573489,10.682874,10.790340,10.895911,10.999614,11.101474,11.201520,11.299776,11.396273,11.491035,11.584093,11.675472
0.140000,0.136992,0.197539,0.268809,0.350604,0.442696,0.544834,0.656741,0.778121,0.908655,1.048006,1.195821,1.351735,1.515368,1.686332,1.864230,2.048661,2.239218,2.435494,2.637080,2.843571,3.054564,3.269659,3.488467,3.710601,3.935686,4.147852,4.321268,4.490691,4.655732,4.816029,4.971248,5.121084,5.265258,5.403518,5.535637,5.661414,5.780672,5.893253,5.999027,6.097879,6.236298,6.424382,6.611178,6.796573,6.980463,7.162755,7.343360,7.522200,7.699204,7.874308,7.998613,8.083954,8.163819,8.238236,8.307242,8.374021,8.522952,8.669735,8.814358,8.956815,9.097102,9.235220,9.371169,9.504957,9.636591,9.766081,9.893440,10.018684,10.141827,10.262889,10.381889,10.498847,10.613786,10.726728,10.837698,10.946722,11.053823,11.159028,11.262365,11.363860,11.463541,11.561436,11.657572,11.751978,11.844682
0.142000,0.138949,0.200361,0.272650,0.355612,0.449020,0.552617,0.666123,0.789237,0.921636,1.062977,1.212904,1.371046,1.537016,1.710422,1.890862,2.077928,2.271207,2.470287,2.674753,2.884194,3.098200,3.316369,3.538302,3.763610,3.991910,4.207107,4.383000,4.554844,4.722243,4.884830,5.042266,5.194242,5.340476,5.480711,5.614718,5.742292,5.863253,5.977443,6.084727,6.184991,6.325388,6.516159,6.705623,6.893667,7.080184,7.265080,7.448265,7.629660,7.809193,7.986799,8.112879,8.199439,8.280445,8.355925,8.425917,8.493650,8.644708,8.793588,8.940277,9.084770,9.227061,9.367151,9.505043,9.640742,9.774256,9.905596,10.034775,10.161808,10.286710,10.409502,10.530201,10.648830,10.765411,10.879967,10.992523,11.103103,11.211735,11.318443,11.423256,11.526201,11.627306,11.726599,11.824109,11.919863,12.013892
0.144000,0.140906,0.203183,0.276490,0.360621,0.455344,0.560400,0.675505,0.800353,0.934616,1.077949,1.229988,1.390356,1.558664,1.734513,1.917494,2.107194,2.303196,2.505079,2.712425,2.924816,3.141837,3.363078,3.588137,3.816618,4.048134,4.266362,4.444732,4.618997,4.788753,4.953630,5.113284,5.267401,5.415694,5.557904,5.693798,5.823169,5.945834,6.061632,6.170427,6.272104,6.414478,6.607936,6.800068,6.990760,7.179905,7.367405,7.553170,7.737120,7.919181,8.099289,8.227145,8.314924,8.397070,8.473614,8.544592,8.613279,8.766465,8.917441,9.066197,9.212724,9.357020,9.499083,9.638917,9.776527,9.911922,10.045112,10.176110,10.304932,10.431594,10.556114,10.678514,10.798814,10.917037,11.033206,11.147347,11.259485,11.369646,11.477858,11.584147,11.688542,11.791071,11.891763,11.990646,12.087749,12.183101
0.146000,0.142863,0.206005,0.280330,0.365630,0.461668,0.568184,0.684887,0.811469,0.947597,1.092920,1.247071,1.409667,1.580312,1.758603,1.944126,2.136461,2.335185,2.539872,2.750098,2.965438,3.185473,3.409788,3.637973,3.869627,4.104359,4.325617,4.506465,4.683149,4.855264,5.022430,5.184302,5.340559,5.490912,5.635097,5.772879,5.904046,6.028415,6.145821,6.256128,6.359216,6.503568,6.699713,6.894514,7.087854,7.279626,7.469730,7.658075,7.844580,8.029170,8.211779,8.341411,8.430409,8.513696,8.591303,8.663267,8.732908,8.888221,9.041295,9.192116,9.340679,9.486978,9.631015,9.772791,9.912312,10.049587,10.184627,10.317445,10.448056,10.576477,10.702727,10.826827,10.948797,11.068662,11.186445,11.302171,11.415867,11.527558,11.637273,11.745038,11.850883,11.954836,12.056926,12.157182,12.255634,12.352311
0.148000,0.144820,0.208827,0.284170,0.370638,0.467993,0.575967,0.694269,0.822585,0.960578,1.107892,1.264154,1.428977,1.601961,1.782694,1.970758,2.165727,2.367174,2.574665,2.787771,3.006061,3.229110,3.456497,3.687808,3.922635,4.160583,4.384872,4.568197,4.747302,4.921774,5.091231,5.255319,5.413717,5.566130,5.712290,5.851959,5.984924,6.110996,6.230011,6.341828,6.446329,6.592658,6.791489,6.988959,7.184948,7.379347,7.572055,7.762980,7.952040,8.139159,8.324269,8.455676,8.545894,8.630322,8.708992,8.781942,8.852537,9.009978,9.165148,9.318036,9.468633,9.616937,9.762946,9.906665,10.048097,10.187253,10.324143,10.458780,10.591180,10.721360,10.849340,10.975139,11.098781,11.220288,11.339684,11.456996,11.572248,11.685470,11.796687,11.905929,12.013224,12.118601,12.222089,12.323719,12.423520,12.521521
0.150000,0.146777,0.211649,0.288010,0.375647,0.474317,0.583750,0.703651,0.833701,0.973559,1.122863,1.281237,1.448288,1.623609,1.806784,1.997390,2.194994,2.399162,2.609458,2.825443,3.046683,3.272747,3.503207,3.737643,3.975644,4.216807,4.444127,4.629930,4.811455,4.988285,5.160031,5.326337,5.486876,5.641348,5.789483,5.931040,6.065801,6.193577,6.314200,6.427529,6.533441,6.681748,6.883266,7.083405,7.282042,7.479068,7.674380,7.867886,8.059500,8.249147,8.436759,8.569942,8.661379,8.746948,8.826681,8.900617,8.972166,9.131734,9.289001,9.443955,9.596588,9.746896,9.894878,10.040538,10.183882,10.324919,10.463658,10.600115,10.734304,10.866243,10.995953,11.123452,11.248764,11.371913,11.492923,11.611820,11.728630,11.843382,11.956102,12.066820,12.175565,12.282366,12.387253,12.490256,12.591405,12.690731
0.152000,0.148734,0.214471,0.291850,0.380655,0.480641,0.591534,0.713033,0.844817,0.986539,1.137835,1.298320,1.467598,1.645257,1.830875,2.024022,2.224261,2.431151,2.644250,2.863116,3.087306,3.316383,3.549916,3.787478,4.028653,4.273031,4.503382,4.691662,4.875608,5.054795,5.228832,5.397355,5.560034,5.716566,5.866676,6.010120,6.146679,6.276158,6.398389,6.513229,6.620554,6.770838,6.975043,7.177850,7.379136,7.578789,7.776705,7.972791,8.166960,8.359136,8.549249,8.684208,8.776864,8.863574,8.944370,9.019292,9.091794,9.253491,9.412855,9.569874,9.724542,9.876854,10.026810,10.174412,10.319667,10.462584,10.603174,10.741450,10.877428,11.011127,11.142565,11.271765,11.398748,11.523539,11.646162,11.766644,11.885012,12.001293,12.115517,12.227711,12.337906,12.446131,12.552416,12.656792,12.759290,12.859940
0.154000,0.150691,0.217293,0.295690,0.385664,0.486965,0.599317,0.722416,0.855933,0.999520,1.152806,1.315403,1.486909,1.666905,1.854965,2.050653,2.253527,2.463140,2.679043,2.900788,3.127928,3.360020,3.596625,3.837313,4.081661,4.329255,4.562637,4.753394,4.939760,5.121306,5.297632,5.468373,5.633192,5.791783,5.943869,6.089201,6.227556,6.358739,6.482579,6.598929,6.707666,6.859928,7.066820,7.272295,7.476230,7.678510,7.879030,8.077696,8.274420,8.469125,8.661739,8.798474,8.892349,8.980200,9.062059,9.137967,9.211423,9.375247,9.536708,9.695794,9.852497,10.006813,10.158742,10.308286,10.455453,10.600250,10.742689,10.882784,11.020552,11.156010,11.289178,11.420077,11.548731,11.675164,11.799401,11.921468,12.041394,12.159205,12.274931,12.388602,12.500246,12.609896,12.717579,12.823329,12.927176,13.029150
0.156000,0.152648,0.220115,0.299530,0.390673,0.493289,0.607100,0.731798,0.867049,1.012501,1.167778,1.332487,1.506219,1.688553,1.879056,2.077285,2.282794,2.495129,2.713836,2.938461,3.168551,3.403657,3.643335,3.887149,4.134670,4.385479,4.621892,4.815127,5.003913,5.187816,5.366432,5.539391,5.706351,5.867001,6.021062,6.168281,6.308433,6.441320,6.566768,6.684630,6.794779,6.949018,7.158597,7.366741,7.573324,7.778231,7.981355,8.182601,8.381880,8.579113,8.774229,8.912740,9.007835,9.096826,9.179749,9.256642,9.331052,9.497004,9.660561,9.821713,9.980451,10.136771,10.290673,10.442160,10.591238,10.737915,10.882204,11.024119,11.163676,11.300893,11.435791,11.568390,11.698715,11.826790,11.952640,12.076293,12.197775,12.317117,12.434346,12.549493,12.662587,12.773660,12.882743,12.989866,13.095061,13.198360
0.158000,0.154605,0.222937,0.303371,0.395681,0.499614,0.614884,0.741180,0.878165,1.025482,1.182749,1.349570,1.525530,1.710201,1.903146,2.103917,2.312060,2.527118,2.748629,2.976133,3.209173,3.447293,3.690044,3.936984,4.187678,4.441703,4.681147,4.876859,5.068066,5.254327,5.435233,5.610409,5.779509,5.942219,6.098256,6.247362,6.389311,6.523901,6.650957,6.770330,6.881892,7.038108,7.250374,7.461186,7.670418,7.877952,8.083680,8.287506,8.489340,8.689102,8.886720,9.027006,9.123320,9.213452,9.297438,9.375316,9.450681,9.618760,9.784415,9.947633,10.108406,10.266730,10.422605,10.576034,10.727023,10.875581,11.021720,11.165454,11.306800,11.445776,11.582403,11.716703,11.848698,11.978415,12.105879,12.231117,12.354157,12.475029,12.593761,12.710384,12.824928,12.937425,13.047906,13.156403,13.262947,13.367570
0.160000,0.156562,0.225759,0.307211,0.400690,0.505938,0.622667,0.750562,0.889281,1.038463,1.197721,1.366653,1.544840,1.731849,1.927237,2.130549,2.341327,2.559107,2.783422,3.013806,3.249796,3.490930,3.736754,3.986819,4.240687,4.497927,4.740402,4.938592,5.132219,5.320837,5.504033,5.681426,5.852667,6.017437,6.175449,6.326442,6.470188,6.606482,6.735147,6.856030,6.969004,7.127198,7.342151,7.555632,7.767512,7.977673,8.186005,8.392411,8.596800,8.799090,8.999210,9.141272,9.238805,9.330078,9.415127,9.493991,9.570310,9.740517,9.908268,10.073552,10.236360,10.396689,10.554537,10.709908,10.862808,11.013246,11.161235,11.306789,11.449924,11.590660,11.729016,11.865015,11.998682,12.130041,12.259118,12.385941,12.510539,12.632940,12.753175,12.871275,12.987269,13.101190,13.213070,13.322939,13.430832,13.536779
0.162000,0.158520,0.228581,0.311051,0.405699,0.512262,0.630450,0.759944,0.900397,1.051443,1.212692,1.383736,1.564151,1.753497,1.951327,2.157181,2.370594,2.591095,2.818214,3.051479,3.290418,3.534566,3.783463,4.036654,4.293695,4.554151,4.799657,5.000324,5.196371,5.387347,5.572834,5.752444,5.925826,6.092655,6.252642,6.405523,6.551065,6.689063,6.819336,6.941731,7.056117,7.216288,7.433928,7.650077,7.864606,8.077393,8.288330,8.497316,8.704260,8.909079,9.111700,9.255538,9.354290,9.446704,9.532816,9.612666,9.689939,9.862273,10.032121,10.199471,10.364315,10.526647,10.686468,10.843782,10.998593,11.150912,11.300751,11.448124,11.593048,11.735543,11.875629,12.013328,12.148665,12.281666,12.412357,12.540765,12.666921,12.790852,12.912590,13.032166,13.149610,13.264955,13.378233,13.489476,13.598717,13.705989
0.164000,0.160477,0.231403,0.314891,0.410707,0.518586,0.638234,0.769326,0.911513,1.064424,1.227664,1.400819,1.583461,1.775146,1.975418,2.183813,2.399860,2.623084,2.853007,3.089151,3.331040,3.578203,3.830173,4.086490,4.346704,4.610375,4.858912,5.062056,5.260524,5.453858,5.641634,5.823462,5.998984,6.167873,6.329835,6.484603,6.631943,6.771644,6.903525,7.027431,7.143229,7.305378,7.525705,7.744522,7.961699,8.177114,8.390656,8.602222,8.811720,9.019068,9.224190,9.369804,9.469775,9.563330,9.650505,9.731341,9.809568,9.984029,10.155975,10.325391,10.492269,10.656606,10.818400,10.977655,11.134378,11.288578,11.440266,11.589459,11.736172,11.880426,12.022241,12.161641,12.298649,12.433292,12.565596,12.695590,12.823302,12.948764,13.072005,13.193057,13.311951,13.428720,13.543396,13.656013,13.766603,13.875199
0.166000,0.162434,0.234225,0.318731,0.415716,0.524911,0.646017,0.778708,0.922629,1.077405,1.242635,1.417902,1.602772,1.796794,1.999508,2.210445,2.429127,2.655073,2.887800,3.126824,3.371663,3.621840,3.876882,4.136325,4.399713,4.666599,4.918167,5.123789,5.324677,5.520368,5.710435,5.894480,6.072142,6.243091,6.407028,6.563684,6.712820,6.854225,6.987715,7.113132,7.230342,7.394468,7.617481,7.838968,8.058793,8.276835,8.492981,8.707127,8.919180,9.129056,9.336680,9.484070,9.585260,9.679956,9.768194,9.850016,9.929197,10.105786,10.279828,10.451310,10.620224,10.786564,10.950332,11.111529,11.270163,11.426243,11.579782,11.730794,11.879296,12.025309,12.168854,12.309954,12.448633,12.584917,12.718835,12.850414,12.979684,13.106676,13.231419,13.353947,13.474292,13.592485,13.708560,13.822550,13.934488,14.044409
0.168000,0.164391,0.237047,0.322571,0.420724,0.531235,0.653800,0.788090,0.933745,1.090386,1.257607,1.434986,1.622082,1.818442,2.023598,2.237076,2.458393,2.687062,2.922593,3.164496,3.412285,3.665476,3.923591,4.186160,4.452721,4.722823,4.977422,5.185521,5.388830,5.586879,5.779235,5.965498,6.145301,6.318309,6.484221,6.642765,6.793697,6.936806,7.071904,7.198832,7.317454,7.483558,7.709258,7.933413,8.155887,8.376556,8.595306,8.812032,9.026640,9.239045,9.449170,9.598335,9.700745,9.796582,9.885883,9.968691,10.048825,10.227542,10.403681,10.577230,10.748178,10.916523,11.082264,11.245403,11.405948,11.563909,11.719297,11.872129,12.022420,12.170193,12.315467,12.458266,12.598616,12.736543,12.872074,13.005238,13.136066,13.264587,13.390834,13.514838,13.636633,13.756250,13.873723,13.989086,14.102374,14.213618
0.170000,0.166348,0.239869,0.326411,0.425733,0.537559,0.661584,0.797472,0.944861,1.103366,1.272578,1.452069,1.641393,1.840090,2.047689,2.263708,2.487660,2.719051,2.957385,3.202169,3.452908,3.709113,3.970301,4.235995,4.505730,4.779048,5.036677,5.247253,5.452982,5.653389,5.848035,6.036516,6.218459,6.393527,6.561414,6.721845,6.874575,7.019387,7.156094,7.284532,7.404567,7.572648,7.801035,8.027859,8.252981,8.476277,8.697631,8.916937,9.134100,9.349034,9.561660,9.712601,9.816230,9.913208,10.003572,10.087366,10.168454,10.349299,10.527535,10.703149,10.876133,11.046482,11.214195,11.379277,11.541733,11.701574,11.858813,12.013463,12.165545,12.315076,12.462080,12.606579,12.748600,12.888168,13.025313,13.160062,13.292448,13.422499,13.550249,13.675729,13.798973,13.920015,14.038886,14.155623,14.270259,14.382828
0.172000,0.168305,0.242691,0.330252,0.430742,0.543883,0.669367,0.806854,0.955977,1.116347,1.287550,1.469152,1.660703,1.861738,2.071779,2.290340,2.516926,2.751039,2.992178,3.239841,3.493530,3.752750,4.017010,4.285831,4.558738,4.835272,5.095932,5.308986,5.517135,5.719900,5.916836,6.107533,6.291617,6.468745,6.638607,6.800926,6.955452,7.101968,7.240283,7.370233,7.491679,7.661738,7.892812,8.122304,8.350075,8.575998,8.799956,9.021842,9.241560,9.459022,9.674150,9.826867,9.931715,10.029834,10.121261,10.206041,10.288083,10.471055,10.651388,10.829068,11.004087,11.176440,11.346127,11.513151,11.677518,11.839240,11.998328,12.154798,12.308669,12.459959,12.608692,12.754892,12.898583,13.039794,13.178552,13.314887,13.448829,13.580411,13.709664,13.836620,13.961314,14.083779,14.204050,14.322160,14.438144,14.552038
0.174000,0.170262,0.245513,0.334092,0.435750,0.550208,0.677150,0.816236,0.967093,1.129328,1.302521,1.486235,1.680014,1.883386,2.095870,2.316972,2.546193,2.783028,3.026971,3.277514,3.534153,3.796386,4.063720,4.335666,4.611747,4.891496,5.155187,5.370718,5.581288,5.786410,5.985636,6.178551,6.364776,6.543963,6.715800,6.880006,7.036329,7.184549,7.324472,7.455933,7.578792,7.750828,7.984589,8.216749,8.447169,8.675719,8.902281,9.126747,9.349020,9.569011,9.786640,9.941133,10.047200,10.146460,10.238950,10.324716,10.407712,10.592812,10.775242,10.954988,11.132042,11.306399,11.478059,11.647025,11.813304,11.976905,12.137843,12.296133,12.451793,12.604842,12.755305,12.903204,13.048567,13.191419,13.331791,13.469711,13.605211,13.738323,13.869078,13.997511,14.123655,14.247544,14.369213,14.488697,14.606030,14.721248
0.176000,0.172219,0.248335,0.337932,0.440759,0.556532,0.684934,0.825618,0.978209,1.142309,1.317493,1.503318,1.699324,1.905034,2.119960,2.343604,2.575460,2.815017,3.061764,3.315187,3.574775,3.840023,4.110429,4.385501,4.664756,4.947720,5.214442,5.432451,5.645440,5.852921,6.054437,6.249569,6.437934,6.619181,6.792994,6.959087,7.117207,7.267130,7.408662,7.541634,7.665904,7.839918,8.076366,8.311195,8.544263,8.775440,9.004606,9.231652,9.456480,9.678999,9.899131,10.055399,10.162685,10.263086,10.356639,10.443390,10.527341,10.714568,10.899095,11.080907,11.259996,11.436357,11.609990,11.780898,11.949089,12.114571,12.277359,12.437468,12.594917,12.749726,12.901918,13.051517,13.198550,13.343045,13.485030,13.624535,13.761593,13.896234,14.028493,14.158402,14.285996,14.411309,14.534377,14.655233,14.773915,14.890457
0.178000,0.174176,0.251157,0.341772,0.445768,0.562856,0.692717,0.835000,0.989325,1.155290,1.332464,1.520401,1.718635,1.926682,2.144051,2.370236,2.604726,2.847006,3.096556,3.352859,3.615398,3.883659,4.157138,4.435336,4.717764,5.003944,5.273697,5.494183,5.709593,5.919431,6.123237,6.320587,6.511092,6.694399,6.870187,7.038167,7.198084,7.349711,7.492851,7.627334,7.753017,7.929008,8.168143,8.405640,8.641357,8.875161,9.106931,9.336558,9.563940,9.788988,10.011621,10.169665,10.278170,10.379712,10.474328,10.562065,10.646970,10.836325,11.022948,11.206827,11.387951,11.566316,11.741922,11.914772,12.084874,12.252237,12.416874,12.578803,12.738041,12.894609,13.048530,13.199830,13.348534,13.494670,13.638269,13.779359,13.917974,14.054146,14.187908,14.319293,14.448337,14.575074,14.699540,14.821770,14.941801,15.059667
0.180000,0.176133,0.253979,0.345612,0.450776,0.569180,0.700500,0.844382,1.000442,1.168270,1.347436,1.537485,1.737945,1.948330,2.168141,2.396868,2.633993,2.878995,3.131349,3.390532,3.656020,3.927296,4.203848,4.485172,4.770773,5.060168,5.332952,5.555915,5.773746,5.985942,6.192037,6.391605,6.584251,6.769617,6.947380,7.117248,7.278961,7.432292,7.577040,7.713034,7.840130,8.018098,8.259920,8.500085,8.738451,8.974882,9.209256,9.441463,9.671400,9.898977,10.124111,10.283931,10.393655,10.496338,10.592018,10.680740,10.766599,10.958081,11.146802,11.332746,11.515905,11.696275,11.873854,12.048646,12.220659,12.389902,12.556390,12.720138,12.881165,13.039492,13.195143,13.348142,13.498517,13.646296,13.791508,13.934184,14.074356,14.212058,14.347322,14.480184,14.610678,14.738839,14.864703,14.988307,15.109686,15.228877
0.182000,0.178090,0.256801,0.349452,0.455785,0.575504,0.708284,0.853764,1.011558,1.181251,1.362407,1.554568,1.757256,1.969979,2.192232,2.423500,2.663259,2.910984,3.166142,3.428204,3.696643,3.970933,4.250557,4.535007,4.823781,5.116392,5.392207,5.617648,5.837899,6.052452,6.260838,6.462623,6.657409,6.844835,7.024573,7.196328,7.359839,7.514873,7.661230,7.798735,7.927242,8.107188,8.351696,8.594531,8.835545,9.074602,9.311581,9.546368,9.778860,10.008965,10.236601,10.398197,10.509140,10.612964,10.709707,10.799415,10.886228,11.079838,11.270655,11.458665,11.643860,11.826233,12.005785,12.182520,12.356444,12.527568,12.695905,12.861473,13.024289,13.184375,13.341756,13.496455,13.648501,13.797921,13.944747,14.089008,14.230738,14.369970,14.506737,14.641075,14.773019,14.902604,15.029867,15.154844,15.277571,15.398087
0.184000,0.180047,0.259623,0.353292,0.460793,0.581829,0.716067,0.863146,1.022674,1.194232,1.377379,1.571651,1.776566,1.991627,2.216322,2.450131,2.692526,2.942972,3.200935,3.465877,3.737265,4.014569,4.297267,4.584842,4.876790,5.172616,5.451462,5.679380,5.902051,6.118963,6.329638,6.533640,6.730567,6.920053,7.101766,7.275409,7.440716,7.597454,7.745419,7.884435,8.014355,8.196278,8.443473,8.688976,8.932638,9.174323,9.413906,9.651273,9.886320,10.118954,10.349091,10.512463,10.624625,10.729590,10.827396,10.918090,11.005856,11.201594,11.394508,11.584585,11.771814,11.956192,12.137717,12.316394,12.492229,12.665233,12.835421,13.002807,13.167413,13.329259,13.488368,13.644768,13.798484,13.949547,14.097985,14.243832,14.387120,14.527881,14.666152,14.801966,14.935359,15.066369,15.195030,15.321380,15.445457,15.567296
0.186000,0.182004,0.262445,0.357132,0.465802,0.588153,0.723850,0.872528,1.033790,1.207213,1.392350,1.588734,1.795877,2.013275,2.240413,2.476763,2.721793,2.974961,3.235728,3.503549,3.777887,4.058206,4.343976,4.634677,4.929799,5.228840,5.510717,5.741113,5.966204,6.185473,6.398439,6.604658,6.803726,6.995271,7.178959,7.354489,7.521593,7.680035,7.829608,7.970135,8.101467,8.285368,8.535250,8.783422,9.029732,9.274044,9.516231,9.756178,9.993780,10.228943,10.461581,10.626728,10.740110,10.846216,10.945085,11.036765,11.125485,11.323350,11.518362,11.710504,11.899769,12.086150,12.269649,12.450268,12.628014,12.802899,12.974936,13.144142,13.310537,13.474142,13.634981,13.793080,13.948468,14.101172,14.251224,14.398657,14.543501,14.685793,14.825566,14.962857,15.097700,15.230134,15.360193,15.487917,15.613342,15.736506
0.188000,0.183961,0.265267,0.360973,0.470811,0.594477,0.731634,0.881910,1.044906,1.220194,1.407322,1.605817,1.815187,2.034923,2.264503,2.503395,2.751059,3.006950,3.270520,3.541222,3.818510,4.101843,4.390686,4.684513,4.982807,5.285064,5.569972,5.802845,6.030357,6.251983,6.467239,6.675676,6.876884,7.070489,7.256152,7.433570,7.602471,7.762616,7.913798,8.055836,8.188580,8.374458,8.627027,8.877867,9.126826,9.373765,9.618556,9.861083,10.101240,10.338931,10.574071,10.740994,10.855595,10.962842,11.062774,11.155440,11.245114,11.445107,11.642215,11.836424,12.027723,12.216109,12.401581,12.584142,12.763799,12.940565,13.114452,13.285477,13.453661,13.619025,13.781594,13.941393,14.098451,14.252798,14.404463,14.553481,14.699883,14.843705,14.984981,15.123748,15.260041,15.393898,15.525357,15.654454,15.781228,15.905716
0.190000,0.185918,0.268089,0.364813,0.475819,0.600801,0.739417,0.891292,1.056022,1.233174,1.422293,1.622900,1.834498,2.056571,2.288593,2.530027,2.780326,3.038939,3.305313,3.578895,3.859132,4.145479,4.437395,4.734348,5.035816,5.341288,5.629227,5.864577,6.094510,6.318494,6.536040,6.746694,6.950042,7.145707,7.333345,7.512650,7.683348,7.845197,7.997987,8.141536,8.275692,8.463548,8.718804,8.972312,9.223920,9.473486,9.720881,9.965988,10.208700,10.448920,10.686561,10.855260,10.971081,11.079468,11.180463,11.274115,11.364743,11.566863,11.766068,11.962343,12.155678,12.346068,12.533512,12.718015,12.899584,13.078230,13.253967,13.426812,13.596785,13.763908,13.928207,14.089706,14.248435,14.404423,14.557702,14.708305,14.856265,15.001617,15.144396,15.284639,15.422382,15.557663,15.690520,15.820991,15.949113,16.074925
0.192000,0.187875,0.270911,0.368653,0.480828,0.607126,0.747200,0.900674,1.067138,1.246155,1.437265,1.639984,1.853808,2.078219,2.312684,2.556659,2.809592,3.070928,3.340106,3.616567,3.899755,4.189116,4.484104,4.784183,5.088824,5.397513,5.688482,5.926310,6.158662,6.385004,6.604840,6.817712,7.023201,7.220925,7.410538,7.591731,7.764226,7.927778,8.082176,8.227237,8.362805,8.552638,8.810581,9.066758,9.321014,9.573207,9.823206,10.070893,10.316160,10.558909,10.799052,10.969526,11.086566,11.196094,11.298152,11.392790,11.484372,11.688620,11.889922,12.088262,12.283632,12.476026,12.665444,12.851889,13.035369,13.215896,13.393482,13.568147,13.739909,13.908792,14.074819,14.238019,14.398418,14.556049,14.710941,14.863129,15.012647,15.159528,15.303810,15.445530,15.584723,15.721428,15.855684,15.987527,16.116998,16.244135
0.194000,0.189832,0.273733,0.372493,0.485836,0.613450,0.754984,0.910056,1.078254,1.259136,1.452236,1.657067,1.873119,2.099867,2.336774,2.583291,2.838859,3.102917,3.374899,3.654240,3.940377,4.232752,4.530814,4.834018,5.141833,5.453737,5.747737,5.988042,6.222815,6.451515,6.673640,6.888730,7.096359,7.296143,7.487732,7.670811,7.845103,8.010359,8.166366,8.312937,8.449917,8.641728,8.902358,9.161203,9.418108,9.672928,9.925532,10.175799,10.423620,10.668897,10.911542,11.083792,11.202051,11.312720,11.415841,11.511465,11.604001,11.810376,12.013775,12.214182,12.411587,12.605985,12.797376,12.985763,13.171154,13.353561,13.532998,13.709482,13.883033,14.053675,14.221432,14.386331,14.548402,14.707674,14.864180,15.017954,15.169028,15.317440,15.463225,15.606421,15.747064,15.885193,16.020847,16.154064,16.284884,16.413345
0.196000,0.191789,0.276555,0.376333,0.490845,0.619774,0.762767,0.919438,1.089370,1.272117,1.467208,1.674150,1.892429,2.121515,2.360865,2.609923,2.868126,3.134905,3.409691,3.691912,3.981000,4.276389,4.577523,4.883854,5.194841,5.509961,5.806992,6.049775,6.286968,6.518025,6.742441,6.959747,7.169517,7.371361,7.564925,7.749892,7.925980,8.092940,8.250555,8.398637,8.537030,8.730818,8.994135,9.255649,9.515202,9.772649,10.027857,10.280704,10.531080,10.778886,11.024032,11.198058,11.317536,11.429346,11.533530,11.630139,11.723630,11.932133,12.137628,12.340101,12.539541,12.735943,12.929307,13.119637,13.306940,13.491227,13.672513,13.850817,14.026157,14.198558,14.368045,14.534644,14.698385,14.859300,15.017419,15.172778,15.325410,15.475352,15.622640,15.767311,15.909405,16.048958,16.186010,16.320601,16.452769,16.582555
0.198000,0.193746,0.279377,0.380173,0.495854,0.626098,0.770550,0.928820,1.100486,1.285097,1.482179,1.691233,1.911740,2.143163,2.384955,2.636554,2.897392,3.166894,3.444484,3.729585,4.021622,4.320026,4.624233,4.933689,5.247850,5.566185,5.866247,6.111507,6.351121,6.584536,6.811241,7.030765,7.242676,7.446579,7.642118,7.828973,8.006858,8.175521,8.334744,8.484338,8.624143,8.819908,9.085912,9.350094,9.612296,9.872370,10.130182,10.385609,10.638540,10.888874,11.136522,11.312324,11.433021,11.545972,11.651219,11.748814,11.843258,12.053889,12.261482,12.466021,12.667496,12.865902,13.061239,13.253511,13.442725,13.628892,13.812029,13.992151,14.169281,14.343441,14.514657,14.682957,14.848369,15.010925,15.170658,15.327602,15.481792,15.633264,15.782055,15.928202,16.071745,16.212723,16.351174,16.487138,16.620655,nan
0.200000,0.195703,0.282199,0.384013,0.500862,0.632422,0.778334,0.938202,1.111602,1.298078,1.497151,1.708316,1.931050,2.164812,2.409046,2.663186,2.926659,3.198883,3.479277,3.767258,4.062245,4.363662,4.670942,4.983524,5.300859,5.622409,5.925502,6.173239,6.415273,6.651046,6.880042,7.101783,7.315834,7.521797,7.719311,7.908053,8.087735,8.258102,8.418934,8.570038,8.711255,8.908998,9.177688,9.444539,9.709390,9.972091,10.232507,10.490514,10.746000,10.998863,11.249012,11.426590,11.548506,11.662598,11.768908,11.867489,11.962887,12.175646,12.385335,12.591940,12.795450,12.995861,13.193171,13.387385,13.578510,13.766558,13.951544,14.133486,14.312405,14.488325,14.661270,14.831269,14.998352,15.162551,15.323897,15.482426,15.638174,15.791175,15.941469,16.089093,16.234086,16.376488,16.516337,16.653674,nan,nan
0.210313,0.205794,0.296750,0.403814,0.526688,0.665032,0.818466,0.986578,1.168919,1.365010,1.574348,1.796401,2.030620,2.276435,2.533262,2.800507,3.077565,3.363826,3.658677,3.961507,4.271704,4.588664,4.911788,5.240487,5.574184,5.912314,6.231036,6.491547,6.746061,6.993991,7.234794,7.467969,7.693057,7.909639,8.117338,8.315812,8.504759,8.683911,8.853035,9.011931,9.160429,9.368368,9.650913,9.931523,10.210030,10.486277,10.760120,11.031431,11.300091,11.565992,11.829039,12.015773,12.143976,12.263951,12.375743,12.479407,12.579724,12.803452,13.023954,13.241212,13.455216,13.665960,13.873444,14.077672,14.278652,14.476396,14.670921,14.862244,15.050389,15.235379,15.417242,15.596007,15.771705,15.944370,16.114036,16.280739,16.444517,16.605408,nan,nan,nan,nan,nan,nan,nan,nan
0.220625,0.215885,0.311301,0.423615,0.552514,0.697641,0.858599,1.034954,1.226236,1.431943,1.651545,1.884486,2.130190,2.388058,2.657479,2.937827,3.228470,3.528768,3.838077,4.155756,4.481163,4.813665,5.152633,5.497450,5.847510,6.202220,6.536570,6.809855,7.076848,7.336935,7.589546,7.834154,8.070279,8.297482,8.515365,8.723571,8.921783,9.109719,9.287136,9.453823,9.609603,9.827738,10.124138,10.418508,10.710670,11.000462,11.287734,11.572348,11.854181,12.133121,12.409066,12.604957,12.739445,12.865303,12.982577,13.091324,13.196560,13.431259,13.662573,13.890484,14.114981,14.336059,14.553717,14.767959,14.978794,15.186234,15.390297,15.591002,15.788372,15.982433,16.173213,16.360744,16.545058,nan,nan,nan,nan,nan,nan,nan,nan,nan,nan,nan,nan,nan
0.230938,0.225976,0.325851,0.443415,0.578340,0.730250,0.898732,1.083330,1.283553,1.498875,1.728741,1.972571,2.229759,2.499681,2.781695,3.075148,3.379376,3.693710,4.017478,4.350005,4.690623,5.038666,5.393478,5.754413,6.120835,6.492125,6.842103,7.128162,7.407636,7.679880,7.944298,8.200340,8.447502,8.685325,8.913392,9.131330,9.338806,9.535527,9.721237,9.895716,10.058777,10.287108,10.597362,10.905492,11.211311,11.514648,11.815348,12.113265,12.408272,12.700250,12.989094,13.194140,13.334915,13.466656,13.589411,13.703241,13.813397,14.059066,14.301192,14.539756,14.774746,15.006158,15.233989,15.458246,15.678936,15.896072,16.109674,16.319760,16.526356,nan,nan,nan,nan,nan,nan,nan,nan,nan,nan,nan,nan,nan,nan,nan,nan,nan
0.241250,0.236067,0.340402,0.463216,0.604165,0.762860,0.938865,1.131706,1.340870,1.565807,1.805938,2.060656,2.329329,2.611304,2.905911,3.212468,3.530282,3.858653,4.196878,4.544254,4.900082,5.263668,5.634324,6.011376,6.394161,6.782031,7.147637,7.446470,7.738423,8.022825,8.299050,8.566526,8.824725,9.073167,9.311419,9.539089,9.755830,9.961336,10.155339,10.337608,10.507951,10.746479,11.070587,11.392476,11.711951,12.028834,12.342961,12.654183,12.962363,13.267379,13.569121,13.783324,13.930385,14.068009,14.196246,14.315159,14.430233,14.686873,14.939810,15.189028,15.434512,15.676257,15.914262,16.148533,16.379077,16.605911,nan,nan,nan,nan,nan,nan,nan,nan,nan,nan,nan,nan,nan,nan,nan,nan,nan,nan,nan,nan
0.251563,0.246158,0.354953,0.483017,0.629991,0.795469,0.978998,1.180082,1.398186,1.632739,1.883135,2.148741,2.428899,2.722927,3.030128,3.349789,3.681188,4.023595,4.376278,4.738504,5.109542,5.488669,5.875169,6.268339,6.667486,7.071936,7.453171,7.764778,8.069211,8.365769,8.653802,8.932712,9.201948,9.461010,9.709446,9.946848,10.172854,10.387144,10.589440,10.779501,10.957126,11.205849,11.543811,11.879460,12.212592,12.543020,12.870575,13.195100,13.516453,13.834507,14.149148,14.372507,14.525855,14.669361,14.803080,14.927076,15.047069,15.314679,15.578429,15.838300,16.094277,16.346356,16.594535,nan,nan,nan,nan,nan,nan,nan,nan,nan,nan,nan,nan,nan,nan,nan,nan,nan,nan,nan,nan,nan,nan,nan
0.261875,0.256249,0.369504,0.502818,0.655817,0.828078,1.019131,1.228458,1.455503,1.699671,1.960332,2.236826,2.528469,2.834550,3.154344,3.487110,3.832094,4.188538,4.555678,4.932753,5.319001,5.713670,6.116015,6.525302,6.940812,7.361842,7.758704,8.083085,8.399998,8.708714,9.008554,9.298897,9.579170,9.848853,10.107473,10.354607,10.589878,10.812953,11.023541,11.221394,11.406300,11.665219,12.017036,12.366444,12.713232,13.057206,13.398189,13.736017,14.070544,14.401636,14.729175,14.961691,15.121325,15.270714,15.409914,15.538994,15.663906,15.942486,16.217048,16.487571,nan,nan,nan,nan,nan,nan,nan,nan,nan,nan,nan,nan,nan,nan,nan,nan,nan,nan,nan,nan,nan,nan,nan,nan,nan,nan
0.272188,0.266340,0.384055,0.522618,0.681642,0.860687,1.059263,1.276834,1.512820,1.766603,2.037529,2.324912,2.628038,2.946173,3.278561,3.624430,3.983000,4.353480,4.735078,5.127002,5.528461,5.938672,6.356860,6.782265,7.214137,7.651747,8.064238,8.401393,8.730786,9.051658,9.363307,9.665083,9.956393,10.236695,10.505500,10.762366,11.006902,11.238761,11.457642,11.663286,11.855474,12.124589,12.490260,12.853428,13.213872,13.571392,13.925802,14.276934,14.624634,14.968765,15.309202,15.550875,15.716795,15.872067,16.016749,16.150911,16.280742,16.570293,nan,nan,nan,nan,nan,nan,nan,nan,nan,nan,nan,nan,nan,nan,nan,nan,nan,nan,nan,nan,nan,nan,nan,nan,nan,nan,nan,nan
0.282500,0.276431,0.398606,0.542419,0.707468,0.893297,1.099396,1.325210,1.570137,1.833535,2.114726,2.412997,2.727608,3.057796,3.402777,3.761751,4.133905,4.518422,4.914479,5.321251,5.737920,6.163673,6.597706,7.039228,7.487463,7.941653,8.369772,8.719701,9.061573,9.394603,9.718059,10.031269,10.333616,10.624538,10.903527,11.170125,11.423926,11.664569,11.891744,12.105179,12.304648,12.583959,12.963485,13.340412,13.714513,14.085578,14.453416,14.817851,15.178725,15.535894,15.889230,16.140058,16.312264,16.473420,16.623583,16.762828,nan,nan,nan,nan,nan,nan,nan,nan,nan,nan,nan,nan,nan,nan,nan,nan,nan,nan,nan,nan,nan,nan,nan,nan,nan,nan,nan,nan,nan,nan
0.292813,0.286522,0.413157,0.562220,0.733294,0.925906,1.139529,1.373586,1.627454,1.900468,2.191923,2.501082,2.827178,3.169420,3.526994,3.899071,4.284811,4.683365,5.093879,5.515500,5.947380,6.388674,6.838551,7.296191,7.760788,8.231558,8.675306,9.038008,9.392361,9.737547,10.072811,10.397454,10.710838,11.012381,11.301554,11.577884,11.840949,12.090378,12.325845,12.547071,12.753822,13.043329,13.436709,13.827396,14.215153,14.599764,14.981029,15.358768,15.732816,16.103023,16.469257,16.729242,16.907734,17.074772,nan,nan,nan,nan,nan,nan,nan,nan,nan,nan,nan,nan,nan,nan,nan,nan,nan,nan,nan,nan,nan,nan,nan,nan,nan,nan,nan,nan,nan,nan,nan,nan
0.303125,0.296613,0.427708,0.582020,0.759120,0.958515,1.179662,1.421962,1.684771,1.967400,2.269119,2.589167,2.926748,3.281043,3.651210,4.036392,4.435717,4.848307,5.273279,5.709750,6.156839,6.613676,7.079397,7.553154,8.034114,8.521464,8.980839,9.356316,9.723149,10.080492,10.427563,10.763640,11.088061,11.400223,11.699581,11.985643,12.257973,12.516186,12.759946,12.988964,13.202996,13.502700,13.909934,14.314380,14.715794,15.113950,15.508643,15.899685,16.286906,16.670152,17.049284,17.318425,nan,nan,nan,nan,nan,nan,nan,nan,nan,nan,nan,nan,nan,nan,nan,nan,nan,nan,nan,nan,nan,nan,nan,nan,nan,nan,nan,nan,nan,nan,nan,nan,nan,nan
0.313438,0.306703,0.442258,0.601821,0.784945,0.991125,1.219795,1.470338,1.742088,2.034332,2.346316,2.677252,3.026318,3.392666,3.775426,4.173712,4.586623,5.013250,5.452679,5.903999,6.366299,6.838677,7.320242,7.810117,8.307439,8.811369,9.286373,9.674624,10.053936,10.423436,10.782315,11.129826,11.465284,11.788066,12.097608,12.393402,12.674997,12.941995,13.194047,13.430857,13.652170,13.962070,14.383159,14.801364,15.216434,15.628136,16.036257,16.440602,16.840997,17.237281,17.629311,nan,nan,nan,nan,nan,nan,nan,nan,nan,nan,nan,nan,nan,nan,nan,nan,nan,nan,nan,nan,nan,nan,nan,nan,nan,nan,nan,nan,nan,nan,nan,nan,nan,nan,nan
0.323750,0.316794,0.456809,0.621622,0.810771,1.023734,1.259928,1.518714,1.799405,2.101264,2.423513,2.765337,3.125887,3.504289,3.899643,4.311033,4.737529,5.178192,5.632080,6.098248,6.575758,7.063678,7.561088,8.067079,8.580765,9.101274,9.591907,9.992931,10.384724,10.766381,11.137067,11.496011,11.842506,12.175908,12.495635,12.801161,13.092021,13.367803,13.628149,13.872749,14.101344,14.421440,14.856383,15.288348,15.717074,16.142322,16.563870,16.981520,17.395088,nan,nan,nan,nan,nan,nan,nan,nan,nan,nan,nan,nan,nan,nan,nan,nan,nan,nan,nan,nan,nan,nan,nan,nan,nan,nan,nan,nan,nan,nan,nan,nan,nan,nan,nan,nan,nan
0.334063,0.326885,0.471360,0.641422,0.836597,1.056343,1.300060,1.567090,1.856722,2.168196,2.500710,2.853422,3.225457,3.615912,4.023859,4.448353,4.888435,5.343134,5.811480,6.292497,6.785218,7.288680,7.801933,8.324042,8.854090,9.391180,9.897440,10.311239,10.715511,11.109326,11.491819,11.862197,12.219729,12.563751,12.893661,13.208920,13.509045,13.793611,14.062250,14.314642,14.550518,14.880810,15.329608,15.775332,16.217715,16.656508,17.091484,17.522437,nan,nan,nan,nan,nan,nan,nan,nan,nan,nan,nan,nan,nan,nan,nan,nan,nan,nan,nan,nan,nan,nan,nan,nan,nan,nan,nan,nan,nan,nan,nan,nan,nan,nan,nan,nan,nan,nan
0.344375,0.336976,0.485911,0.661223,0.862422,1.088952,1.340193,1.615466,1.914039,2.235128,2.577907,2.941507,3.325027,3.727535,4.148076,4.585674,5.039340,5.508077,5.990880,6.486747,6.994677,7.513681,8.042778,8.581005,9.127416,9.681085,10.202974,10.629547,11.046299,11.452270,11.846572,12.228383,12.596952,12.951594,13.291688,13.616679,13.926069,14.219420,14.496351,14.756534,14.999692,15.340180,15.802832,16.262316,16.718355,17.170694,17.619098,nan,nan,nan,nan,nan,nan,nan,nan,nan,nan,nan,nan,nan,nan,nan,nan,nan,nan,nan,nan,nan,nan,nan,nan,nan,nan,nan,nan,nan,nan,nan,nan,nan,nan,nan,nan,nan,nan,nan
0.354688,0.347067,0.500462,0.681024,0.888248,1.121562,1.380326,1.663843,1.971356,2.302061,2.655104,3.029592,3.424597,3.839158,4.272292,4.722994,5.190246,5.673019,6.170280,6.680996,7.204137,7.738682,8.283624,8.837968,9.400741,9.970991,10.508508,10.947854,11.377086,11.795215,12.201324,12.594568,12.974174,13.339436,13.689715,14.024438,14.343092,14.645228,14.930452,15.198427,15.448866,15.799551,16.276057,16.749300,17.218996,nan,nan,nan,nan,nan,nan,nan,nan,nan,nan,nan,nan,nan,nan,nan,nan,nan,nan,nan,nan,nan,nan,nan,nan,nan,nan,nan,nan,nan,nan,nan,nan,nan,nan,nan,nan,nan,nan,nan,nan,nan
0.365000,0.357158,0.515013,0.700824,0.914074,1.154171,1.420459,1.712219,2.028673,2.368993,2.732300,3.117677,3.524166,3.950781,4.396509,4.860315,5.341152,5.837962,6.349680,6.875245,7.413596,7.963684,8.524469,9.094931,9.674067,10.260896,10.814041,11.266162,11.707874,12.138159,12.556076,12.960754,13.351397,13.727279,14.087742,14.432197,14.760116,15.071037,15.364554,15.640320,15.898041,16.258921,16.749281,17.236284,nan,nan,nan,nan,nan,nan,nan,nan,nan,nan,nan,nan,nan,nan,nan,nan,nan,nan,nan,nan,nan,nan,nan,nan,nan,nan,nan,nan,nan,nan,nan,nan,nan,nan,nan,nan,nan,nan,nan,nan,nan,nan
0.375313,0.367249,0.529564,0.720625,0.939900,1.186780,1.460592,1.760595,2.085990,2.435925,2.809497,3.205762,3.623736,4.062404,4.520725,4.997636,5.492058,6.002904,6.529081,7.069494,7.623056,8.188685,8.765315,9.351894,9.947393,10.550802,11.119575,11.584470,12.038661,12.481104,12.910828,13.326940,13.728620,14.115122,14.485769,14.839956,15.177140,15.496845,15.798655,16.082212,16.347215,16.718291,17.222506,nan,nan,nan,nan,nan,nan,nan,nan,nan,nan,nan,nan,nan,nan,nan,nan,nan,nan,nan,nan,nan,nan,nan,nan,nan,nan,nan,nan,nan,nan,nan,nan,nan,nan,nan,nan,nan,nan,nan,nan,nan,nan,nan
0.385625,0.377340,0.544115,0.740426,0.965725,1.219389,1.500725,1.808971,2.143307,2.502857,2.886694,3.293847,3.723306,4.174027,4.644941,5.134956,5.642964,6.167847,6.708481,7.263743,7.832515,8.413686,9.006160,9.608857,10.220718,10.840707,11.425109,11.902777,12.369449,12.824048,13.265580,13.693125,14.105843,14.502964,14.883796,15.247715,15.594164,15.922653,16.232756,16.524105,16.796389,17.177661,nan,nan,nan,nan,nan,nan,nan,nan,nan,nan,nan,nan,nan,nan,nan,nan,nan,nan,nan,nan,nan,nan,nan,nan,nan,nan,nan,nan,nan,nan,nan,nan,nan,nan,nan,nan,nan,nan,nan,nan,nan,nan,nan,nan
0.395938,0.387431,0.558665,0.760226,0.991551,1.251999,1.540857,1.857347,2.200624,2.569789,2.963891,3.381932,3.822876,4.285650,4.769158,5.272277,5.793870,6.332789,6.887881,7.457993,8.041975,8.638688,9.247006,9.865820,10.494044,11.130613,11.730643,12.221085,12.700236,13.166993,13.620332,14.059311,14.483065,14.890807,15.281823,15.655474,16.011188,16.348462,16.666857,16.965997,17.245563,nan,nan,nan,nan,nan,nan,nan,nan,nan,nan,nan,nan,nan,nan,nan,nan,nan,nan,nan,nan,nan,nan,nan,nan,nan,nan,nan,nan,nan,nan,nan,nan,nan,nan,nan,nan,nan,nan,nan,nan,nan,nan,nan,nan,nan
0.406250,0.397522,0.573216,0.780027,1.017377,1.284608,1.580990,1.905723,2.257941,2.636721,3.041088,3.470017,3.922445,4.397274,4.893374,5.409597,5.944776,6.497731,7.067281,7.652242,8.251434,8.863689,9.487851,10.122783,10.767369,11.420518,12.036176,12.539393,13.031024,13.509938,13.975084,14.425497,14.860288,15.278650,15.679850,16.063233,16.428212,16.774270,17.100959,17.407890,17.694737,nan,nan,nan,nan,nan,nan,nan,nan,nan,nan,nan,nan,nan,nan,nan,nan,nan,nan,nan,nan,nan,nan,nan,nan,nan,nan,nan,nan,nan,nan,nan,nan,nan,nan,nan,nan,nan,nan,nan,nan,nan,nan,nan,nan,nan
0.416563,0.407613,0.587767,0.799828,1.043202,1.317217,1.621123,1.954099,2.315258,2.703654,3.118285,3.558102,4.022015,4.508897,5.017591,5.546918,6.095681,6.662674,7.246682,7.846491,8.460894,9.088690,9.728697,10.379746,11.040695,11.710424,12.341710,12.857700,13.361811,13.852882,14.329837,14.791683,15.237511,15.666492,16.077877,16.470992,16.845235,17.200079,17.535060,17.849782,nan,nan,nan,nan,nan,nan,nan,nan,nan,nan,nan,nan,nan,nan,nan,nan,nan,nan,nan,nan,nan,nan,nan,nan,nan,nan,nan,nan,nan,nan,nan,nan,nan,nan,nan,nan,nan,nan,nan,nan,nan,nan,nan,nan,nan,nan
0.426875,0.417704,0.602318,0.819629,1.069028,1.349827,1.661256,2.002475,2.372575,2.770586,3.195482,3.646187,4.121585,4.620520,5.141807,5.684238,6.246587,6.827616,7.426082,8.040740,8.670353,9.313692,9.969542,10.636709,11.314020,12.000329,12.647244,13.176008,13.692599,14.195827,14.684589,15.157868,15.614733,16.054335,16.475904,16.878751,17.262259,17.625887,17.969161,nan,nan,nan,nan,nan,nan,nan,nan,nan,nan,nan,nan,nan,nan,nan,nan,nan,nan,nan,nan,nan,nan,nan,nan,nan,nan,nan,nan,nan,nan,nan,nan,nan,nan,nan,nan,nan,nan,nan,nan,nan,nan,nan,nan,nan,nan,nan
0.437188,0.427795,0.616869,0.839429,1.094854,1.382436,1.701389,2.050851,2.429892,2.837518,3.272678,3.734272,4.221155,4.732143,5.266023,5.821559,6.397493,6.992559,7.605482,8.234989,8.879813,9.538693,10.210388,10.893672,11.587346,12.290235,12.952777,13.494315,14.023386,14.538771,15.039341,15.524054,15.991956,16.442178,16.873931,17.286510,17.679283,18.051695,nan,nan,nan,nan,nan,nan,nan,nan,nan,nan,nan,nan,nan,nan,nan,nan,nan,nan,nan,nan,nan,nan,nan,nan,nan,nan,nan,nan,nan,nan,nan,nan,nan,nan,nan,nan,nan,nan,nan,nan,nan,nan,nan,nan,nan,nan,nan,nan
0.447500,0.437886,0.631420,0.859230,1.120680,1.415045,1.741522,2.099227,2.487209,2.904450,3.349875,3.822357,4.320724,4.843766,5.390240,5.958879,6.548399,7.157501,7.784882,8.429239,9.089272,9.763694,10.451233,11.150635,11.860671,12.580140,13.258311,13.812623,14.354174,14.881716,15.394093,15.890240,16.369179,16.830020,17.271958,17.694269,18.096307,18.477504,nan,nan,nan,nan,nan,nan,nan,nan,nan,nan,nan,nan,nan,nan,nan,nan,nan,nan,nan,nan,nan,nan,nan,nan,nan,nan,nan,nan,nan,nan,nan,nan,nan,nan,nan,nan,nan,nan,nan,nan,nan,nan,nan,nan,nan,nan,nan,nan
0.457813,0.447977,0.645971,0.879031,1.146505,1.447654,1.781654,2.147603,2.544526,2.971382,3.427072,3.910442,4.420294,4.955389,5.514456,6.096200,6.699305,7.322443,7.964282,8.623488,9.298732,9.988696,10.692078,11.407598,12.133997,12.870045,13.563845,14.130931,14.684961,15.224660,15.748845,16.256425,16.746401,17.217863,17.669985,18.102028,18.513331,nan,nan,nan,nan,nan,nan,nan,nan,nan,nan,nan,nan,nan,nan,nan,nan,nan,nan,nan,nan,nan,nan,nan,nan,nan,nan,nan,nan,nan,nan,nan,nan,nan,nan,nan,nan,nan,nan,nan,nan,nan,nan,nan,nan,nan,nan,nan,nan,nan
0.468125,0.458068,0.660522,0.898831,1.172331,1.480264,1.821787,2.195979,2.601843,3.038314,3.504269,3.998528,4.519864,5.067012,5.638673,6.233520,6.850211,7.487386,8.143683,8.817737,9.508191,10.213697,10.932924,11.664561,12.407322,13.159951,13.869379,14.449238,15.015749,15.567605,16.103597,16.622611,17.123624,17.605705,18.068012,18.509787,nan,nan,nan,nan,nan,nan,nan,nan,nan,nan,nan,nan,nan,nan,nan,nan,nan,nan,nan,nan,nan,nan,nan,nan,nan,nan,nan,nan,nan,nan,nan,nan,nan,nan,nan,nan,nan,nan,nan,nan,nan,nan,nan,nan,nan,nan,nan,nan,nan,nan
0.478438,0.468159,0.675072,0.918632,1.198157,1.512873,1.861920,2.244355,2.659160,3.105246,3.581466,4.086613,4.619434,5.178635,5.762889,6.370841,7.001116,7.652328,8.323083,9.011986,9.717651,10.438698,11.173769,11.921524,12.680648,13.449856,14.174912,14.767546,15.346537,15.910550,16.458349,16.988797,17.500847,17.993548,18.466039,18.917546,nan,nan,nan,nan,nan,nan,nan,nan,nan,nan,nan,nan,nan,nan,nan,nan,nan,nan,nan,nan,nan,nan,nan,nan,nan,nan,nan,nan,nan,nan,nan,nan,nan,nan,nan,nan,nan,nan,nan,nan,nan,nan,nan,nan,nan,nan,nan,nan,nan,nan
0.488750,0.478249,0.689623,0.938433,1.223982,1.545482,1.902053,2.292731,2.716477,3.172179,3.658663,4.174698,4.719004,5.290258,5.887106,6.508162,7.152022,7.817271,8.502483,9.206236,9.927110,10.663700,11.414615,12.178487,12.953973,13.739762,14.480446,15.085854,15.677324,16.253494,16.813102,17.354982,17.878070,18.381391,18.864066,nan,nan,nan,nan,nan,nan,nan,nan,nan,nan,nan,nan,nan,nan,nan,nan,nan,nan,nan,nan,nan,nan,nan,nan,nan,nan,nan,nan,nan,nan,nan,nan,nan,nan,nan,nan,nan,nan,nan,nan,nan,nan,nan,nan,nan,nan,nan,nan,nan,nan,nan
0.499063,0.488340,0.704174,0.958233,1.249808,1.578092,1.942186,2.341107,2.773794,3.239111,3.735859,4.262783,4.818573,5.401881,6.011322,6.645482,7.302928,7.982213,8.681883,9.400485,10.136570,10.888701,11.655460,12.435450,13.227299,14.029667,14.785980,15.404161,16.008112,16.596439,17.167854,17.721168,18.255292,18.769233,19.262093,nan,nan,nan,nan,nan,nan,nan,nan,nan,nan,nan,nan,nan,nan,nan,nan,nan,nan,nan,nan,nan,nan,nan,nan,nan,nan,nan,nan,nan,nan,nan,nan,nan,nan,nan,nan,nan,nan,nan,nan,nan,nan,nan,nan,nan,nan,nan,nan,nan,nan,nan
0.509375,0.498431,0.718725,0.978034,1.275634,1.610701,1.982318,2.389483,2.831111,3.306043,3.813056,4.350868,4.918143,5.513505,6.135538,6.782803,7.453834,8.147155,8.861284,9.594734,10.346029,11.113702,11.896306,12.692413,13.500624,14.319573,15.091513,15.722469,16.338899,16.939383,17.522606,18.087354,18.632515,19.157076,nan,nan,nan,nan,nan,nan,nan,nan,nan,nan,nan,nan,nan,nan,nan,nan,nan,nan,nan,nan,nan,nan,nan,nan,nan,nan,nan,nan,nan,nan,nan,nan,nan,nan,nan,nan,nan,nan,nan,nan,nan,nan,nan,nan,nan,nan,nan,nan,nan,nan,nan,nan
0.519688,0.508522,0.733276,0.997835,1.301460,1.643310,2.022451,2.437859,2.888427,3.372975,3.890253,4.438953,5.017713,5.625128,6.259755,6.920123,7.604740,8.312098,9.040684,9.788983,10.555488,11.338704,12.137151,12.949376,13.773950,14.609478,15.397047,16.040777,16.669687,17.282328,17.877358,18.453539,19.009738,19.544919,nan,nan,nan,nan,nan,nan,nan,nan,nan,nan,nan,nan,nan,nan,nan,nan,nan,nan,nan,nan,nan,nan,nan,nan,nan,nan,nan,nan,nan,nan,nan,nan,nan,nan,nan,nan,nan,nan,nan,nan,nan,nan,nan,nan,nan,nan,nan,nan,nan,nan,nan,nan
0.530000,0.518613,0.747827,1.017635,1.327285,1.675919,2.062584,2.486235,2.945744,3.439907,3.967450,4.527038,5.117283,5.736751,6.383971,7.057444,7.755646,8.477040,9.220084,9.983232,10.764948,11.563705,12.377997,13.206339,14.047275,14.899384,15.702581,16.359084,17.000474,17.625272,18.232110,18.819725,19.386960,nan,nan,nan,nan,nan,nan,nan,nan,nan,nan,nan,nan,nan,nan,nan,nan,nan,nan,nan,nan,nan,nan,nan,nan,nan,nan,nan,nan,nan,nan,nan,nan,nan,nan,nan,nan,nan,nan,nan,nan,nan,nan,nan,nan,nan,nan,nan,nan,nan,nan,nan,nan,nan
